Rk,Player,Pos,Age,Team,G,MP,,FG,2P,3P,eFG,FT,TS,FTr,3PAr,,FG+,2P+,3P+,eFG+,FT+,TS+,FTr+,3PAr+,,FG Add,TS Add,-9999
1,Álex Abrines,SG,24,OKC,75,1134,,.395,.443,.380,.540,.848,.567,.158,.759,,86,87,105,104,111,102,63,225,,10.7,6.8,abrinal01
2,Quincy Acy,PF,27,BRK,70,1359,,.356,.384,.349,.496,.817,.525,.164,.800,,77,75,97,95,106,94,65,237,,-18.5,-24.4,acyqu01
3,Steven Adams,C,24,OKC,76,2487,,.629,.631,.000,.629,.559,.630,.402,.003,,137,124,,121,73,113,159,1,,153.8,124.1,adamsst01
4,Bam Adebayo,C,20,MIA,69,1368,,.512,.523,.000,.512,.721,.570,.526,.021,,111,102,,98,94,102,209,6,,-6.4,11.2,adebaba01
5,Arron Afflalo,SG,32,ORL,53,682,,.401,.413,.386,.485,.846,.516,.160,.432,,87,81,107,93,110,93,64,128,,-11.9,-13.9,afflaar01
6,Cole Aldrich,C,29,MIN,21,49,,.333,.333,,.333,.333,.340,.400,.000,,72,65,,64,43,61,159,,,-5.6,-7.6,aldrico01
7,LaMarcus Aldridge,C,32,SAS,75,2509,,.510,.526,.293,.520,.837,.570,.296,.068,,111,103,81,100,109,102,118,20,,-3.1,41.5,aldrila01
8,Jarrett Allen,C,19,BRK,72,1441,,.589,.599,.333,.596,.776,.636,.370,.038,,128,117,92,114,101,114,147,11,,59.2,73.5,allenja01
9,Kadeem Allen,PG,25,BOS,18,107,,.273,.545,.000,.273,.778,.366,.409,.500,,59,107,,52,101,66,162,148,,-10.9,-9.9,allenka01
10,Tony Allen,SF,36,NOP,22,273,,.484,.506,.333,.505,.524,.514,.231,.132,,105,99,92,97,68,92,92,39,,-2.9,-8.5,allento01
11,Al-Farouq Aminu,PF,27,POR,69,2072,,.395,.432,.369,.503,.738,.522,.137,.582,,86,85,102,96,96,94,55,173,,-21.7,-42.5,aminual01
12,Justin Anderson,SF,24,PHI,38,519,,.431,.535,.330,.515,.737,.540,.188,.510,,94,105,91,99,96,97,75,151,,-2.6,-7.3,anderju01
13,Kyle Anderson,SF,24,SAS,74,1978,,.527,.556,.333,.549,.712,.582,.333,.130,,115,109,92,105,93,105,132,39,,24.4,26.4,anderky01
14,Ryan Anderson,PF,29,HOU,66,1725,,.431,.539,.386,.568,.774,.592,.194,.706,,94,106,107,109,101,106,77,210,,44.7,37.6,anderry01
15,Ike Anigbogu,C,19,IND,11,30,,.444,.444,,.444,.833,.558,.667,.000,,97,87,,85,109,100,265,,,-1.4,.1,anigbik01
16,Giannis Antetokounmpo,PF,23,MIL,75,2756,,.529,.554,.307,.545,.760,.598,.457,.100,,115,109,85,104,99,108,182,30,,65.6,140.9,antetgi01
17,Carmelo Anthony,PF,33,OKC,78,2501,,.404,.437,.357,.476,.767,.503,.165,.406,,88,86,99,91,100,90,66,120,,-104.5,-132.6,anthoca01
18,OG Anunoby,SF,20,TOR,74,1481,,.471,.604,.371,.577,.629,.587,.179,.569,,102,118,102,111,82,105,71,169,,38.3,22.8,anunoog01
19,Ryan Arcidiacono,PG,23,CHI,24,304,,.415,.800,.290,.524,.833,.550,.146,.756,,90,157,80,101,109,99,58,224,,.3,-0.5,arcidry01
20,Trevor Ariza,SF,32,HOU,67,2269,,.412,.519,.368,.542,.854,.567,.137,.710,,89,102,102,104,111,102,54,211,,27.4,14.3,arizatr01
21,Darrell Arthur,PF,29,DEN,19,141,,.468,.583,.348,.553,.667,.559,.064,.489,,102,114,96,106,87,100,25,145,,3.0,.3,arthuda01
22,Jamel Artis,SG,25,ORL,15,279,,.392,.460,.276,.443,.583,.457,.152,.367,,85,90,76,85,76,82,60,109,,-12.3,-16.7,artisja01
23,Ömer Aşık,C,31,TOT,18,182,,.409,.409,,.409,.308,.397,.591,.000,,89,80,,78,40,71,235,,,-4.9,-8.8,asikom01
24,D.J. Augustin,PG,30,ORL,75,1760,,.452,.485,.419,.557,.868,.615,.350,.504,,98,95,116,107,113,111,139,149,,39.1,72.9,augusdj01
25,Luke Babbitt,SF,28,TOT,50,715,,.423,.525,.385,.563,.773,.576,.102,.726,,92,103,106,108,101,104,41,215,,17.9,9.1,babbilu01
26,Dwayne Bacon,SG,22,CHO,53,713,,.375,.409,.256,.404,.800,.431,.130,.224,,81,80,71,77,104,78,52,66,,-45.1,-50.8,bacondw01
27,Ron Baker,SG,24,NYK,29,385,,.339,.346,.333,.432,.769,.504,.441,.559,,74,68,92,83,100,91,175,166,,-10.5,-7.3,bakerro01
28,Wade Baldwin,PG,21,POR,7,80,,.667,.625,.800,.762,.600,.748,.476,.238,,145,122,221,146,78,135,189,71,,10.1,9.7,baldwwa01
29,Lonzo Ball,PG,20,LAL,52,1780,,.360,.420,.305,.440,.451,.444,.126,.523,,78,82,84,84,59,80,50,155,,-91.9,-134.1,balllo01
30,J.J. Barea,PG,33,DAL,69,1603,,.439,.499,.367,.522,.784,.545,.148,.454,,95,98,102,100,102,98,59,135,,1.8,-16.4,bareajo01
31,Harrison Barnes,PF,25,DAL,77,2634,,.445,.478,.357,.494,.827,.539,.259,.276,,97,94,99,95,108,97,103,82,,-66.2,-44.8,barneha02
32,Will Barton,SG,27,DEN,81,2683,,.452,.510,.370,.528,.805,.562,.220,.411,,98,100,102,101,105,101,87,122,,14.5,14.0,bartowi01
33,Nicolas Batum,SG,29,CHO,64,1981,,.415,.473,.336,.486,.831,.523,.200,.422,,90,93,93,93,108,94,79,125,,-45.5,-46.6,batumni01
34,Jerryd Bayless,SG,29,PHI,39,925,,.416,.474,.370,.519,.795,.546,.168,.557,,90,93,102,100,104,98,67,165,,-1.1,-6.0,bayleje01
35,Aron Baynes,C,31,BOS,81,1485,,.471,.487,.143,.474,.756,.502,.175,.047,,102,95,39,91,99,90,69,14,,-41.9,-52.3,baynear01
36,Kent Bazemore,SG,28,ATL,65,1789,,.420,.438,.394,.500,.796,.547,.297,.405,,91,86,109,96,104,98,118,120,,-28.6,-14.3,bazemke01
37,Bradley Beal,SG,24,WAS,82,2977,,.460,.507,.375,.527,.791,.564,.249,.357,,100,99,104,101,103,101,99,106,,18.1,25.8,bealbr01
38,Malik Beasley,SG,21,DEN,62,583,,.410,.469,.341,.489,.667,.509,.185,.461,,89,92,94,94,87,92,74,137,,-11.5,-18.1,beaslma01
39,Michael Beasley,PF,29,NYK,74,1653,,.507,.520,.395,.528,.780,.556,.197,.107,,110,102,109,101,102,100,78,32,,10.8,.6,beaslmi01
40,Marco Belinelli,SG,31,TOT,80,1947,,.441,.509,.377,.539,.908,.581,.213,.517,,96,100,104,103,118,104,85,153,,26.6,41.4,belinma01
41,Jordan Bell,C,23,GSW,57,809,,.627,.641,.000,.627,.682,.641,.238,.022,,136,126,,120,89,115,94,6,,39.2,34.7,belljo01
42,DeAndre' Bembry,SF,23,ATL,26,455,,.414,.429,.367,.457,.576,.477,.258,.234,,90,84,101,88,75,86,102,70,,-16.4,-22.5,bembrde01
43,Dragan Bender,PF,20,PHO,82,2069,,.386,.426,.366,.508,.765,.524,.105,.665,,84,83,101,98,100,94,42,197,,-12.5,-32.3,bendedr01
44,Dāvis Bertāns,PF,25,SAS,77,1086,,.440,.588,.373,.568,.816,.588,.134,.689,,96,115,103,109,106,106,53,204,,34.5,24.9,bertada01
45,Patrick Beverley,SG,29,LAC,11,334,,.403,.407,.400,.504,.824,.530,.143,.504,,88,80,111,97,107,95,57,150,,-4.0,-6.7,beverpa01
46,Khem Birch,C,25,ORL,42,578,,.540,.540,,.540,.689,.582,.484,.000,,117,106,,104,90,105,192,,,4.7,8.0,birchkh01
47,Jabari Bird,SG,23,BOS,13,115,,.577,.632,.429,.635,.462,.615,.500,.269,,125,124,118,122,60,111,199,80,,5.9,3.7,birdja01
48,Bismack Biyombo,C,25,ORL,82,1495,,.520,.521,.000,.520,.650,.556,.446,.003,,113,102,,100,85,100,177,1,,-0.9,-0.4,biyombi01
49,Nemanja Bjelica,PF,29,MIN,67,1371,,.461,.505,.415,.563,.800,.581,.121,.493,,100,99,115,108,104,104,48,146,,31.3,19.3,bjeline01
50,Tarik Black,C,26,HOU,51,536,,.591,.638,.091,.594,.460,.582,.496,.087,,128,125,25,114,60,105,197,26,,18.6,7.9,blackta01
51,Antonio Blakeney,SG,21,CHI,19,314,,.371,.418,.288,.423,.769,.471,.273,.364,,81,82,80,81,100,85,108,108,,-28.1,-27.1,blakean01
52,Eric Bledsoe,PG,28,TOT,74,2322,,.473,.545,.347,.536,.795,.582,.321,.364,,103,107,96,103,104,105,127,108,,30.1,57.8,bledser01
53,Vander Blue,SG,25,LAL,5,45,,.200,.333,.000,.200,.500,.255,.400,.400,,43,65,,38,65,46,159,119,,-3.2,-3.5,blueva01
54,Bogdan Bogdanović,SG,25,SAC,78,2175,,.446,.485,.392,.529,.840,.556,.154,.426,,97,95,108,102,110,100,61,126,,12.3,.1,bogdabo01
55,Bojan Bogdanović,SF,28,IND,80,2464,,.474,.534,.402,.565,.868,.605,.241,.453,,103,105,111,108,113,109,96,134,,74.9,93.0,bogdabo02
56,Andrew Bogut,C,33,LAL,24,216,,.680,.680,,.680,1.000,.696,.080,.000,,148,133,,130,130,125,32,,,7.9,7.2,bogutan01
57,Joel Bolomboy,PF,24,MIL,6,38,,.500,.600,.000,.500,.500,.521,1.000,.167,,109,118,,96,65,94,397,49,,-0.3,-0.6,bolomjo01
58,Devin Booker,SG,21,PHO,54,1865,,.432,.460,.383,.501,.878,.561,.312,.364,,94,90,106,96,115,101,124,108,,-41.6,12.6,bookede01
59,Trevor Booker,PF,30,TOT,68,1158,,.516,.545,.242,.528,.710,.557,.271,.096,,112,107,67,101,93,100,108,29,,4.5,1.0,booketr01
60,Chris Boucher,PF,25,GSW,1,1,,.000,,.000,.000,,.000,.000,1.000,,,,,,,,,297,,-1.0,-1.1,bouchch01
61,Avery Bradley,SG,27,TOT,46,1433,,.414,.436,.369,.474,.768,.496,.131,.325,,90,85,102,91,100,89,52,96,,-58.5,-79.3,bradlav01
62,Tony Bradley,C,20,UTA,9,29,,.273,.300,.000,.273,1.000,.337,.182,.091,,59,59,,52,130,61,72,27,,-5.5,-5.2,bradlto01
63,Corey Brewer,SG-SF,31,TOT,72,1208,,.449,.539,.282,.498,.722,.534,.285,.348,,98,106,78,96,94,96,113,103,,-14.4,-15.5,breweco01
64,Malcolm Brogdon,PG,25,MIL,48,1436,,.485,.532,.385,.547,.882,.578,.169,.320,,105,104,106,105,115,104,67,95,,25.7,23.9,brogdma01
65,Aaron Brooks,PG,33,MIN,32,189,,.406,.447,.355,.486,.727,.508,.159,.449,,88,88,98,93,95,91,63,133,,-4.9,-7.1,brookaa01
66,Dillon Brooks,SF,22,MEM,82,2350,,.440,.484,.356,.501,.747,.531,.215,.342,,96,95,98,96,97,96,85,101,,-30.7,-41.9,brookdi01
67,MarShon Brooks,SG,29,MEM,7,193,,.500,.457,.594,.593,.870,.629,.225,.314,,109,90,164,114,113,113,90,93,,14.7,16.3,brookma01
68,Anthony Brown,SF,25,MIN,1,4,,1.000,,1.000,1.500,,1.500,.000,1.000,,217,,276,288,,270,,297,,2.0,1.9,brownan02
69,Bobby Brown,PG,33,HOU,20,115,,.328,.444,.275,.422,.500,.425,.034,.690,,71,87,76,81,65,76,14,205,,-11.5,-15.5,brownbo02
70,Jaylen Brown,SG,21,BOS,70,2152,,.465,.507,.395,.540,.644,.562,.290,.381,,101,99,109,104,84,101,115,113,,30.0,9.8,brownja02
71,Lorenzo Brown,PG,27,TOR,14,139,,.412,.545,.167,.441,1.000,.459,.059,.353,,89,107,46,85,130,82,23,105,,-5.4,-6.8,brownlo01
72,Markel Brown,SG,26,HOU,4,31,,.286,.500,.200,.357,,.357,.000,.714,,62,98,55,69,,64,,212,,-2.3,-2.8,brownma02
73,Sterling Brown,SG,22,MIL,54,776,,.400,.439,.352,.478,.875,.503,.117,.444,,87,86,97,92,114,91,46,132,,-17.7,-22.8,brownst02
74,Nicolás Brussino,SF,24,ATL,4,10,,.000,,.000,.000,,.000,.000,1.000,,,,,,,,,297,,-2.1,-2.2,brussni01
75,Thomas Bryant,C,20,LAL,15,72,,.381,.636,.100,.405,.556,.441,.429,.476,,83,125,28,78,72,79,170,141,,-4.9,-5.8,bryanth01
76,Reggie Bullock,SF,26,DET,62,1732,,.489,.536,.445,.603,.796,.615,.090,.515,,106,105,123,116,104,111,36,153,,89.9,66.7,bullore01
77,Trey Burke,PG,25,NYK,36,785,,.503,.556,.362,.552,.649,.563,.148,.273,,109,109,100,106,85,101,59,81,,23.7,6.0,burketr01
78,Alec Burks,SG,26,UTA,64,1059,,.411,.452,.331,.467,.863,.527,.300,.343,,89,89,91,90,112,95,119,102,,-44.5,-27.2,burksal01
79,Jimmy Butler,SG,28,MIN,59,2164,,.474,.509,.350,.512,.854,.590,.461,.217,,103,100,97,98,111,106,183,64,,-16.0,74.6,butleji01
80,Dwight Buycks,PG,28,DET,29,427,,.414,.438,.333,.452,.878,.498,.207,.227,,90,86,92,87,114,89,82,67,,-27.4,-25.3,buyckdw01
81,Bruno Caboclo,SF,22,TOT,12,107,,.290,.429,.176,.339,.833,.386,.194,.548,,63,84,49,65,109,69,77,163,,-11.3,-11.4,cabocbr01
82,José Calderón,PG,36,CLE,57,914,,.503,.545,.464,.624,.800,.643,.162,.524,,109,107,128,120,104,116,64,156,,38.2,34.5,caldejo01
83,Kentavious Caldwell-Pope,SG,24,LAL,74,2458,,.426,.473,.383,.526,.789,.561,.243,.520,,93,93,106,101,103,101,97,154,,7.2,9.4,caldwke01
84,Isaiah Canaan,PG-SG,26,TOT,20,422,,.380,.423,.333,.460,.902,.539,.372,.482,,82,83,92,88,118,97,148,143,,-16.8,-5.3,canaais01
85,Clint Capela,C,23,HOU,74,2034,,.652,.653,.000,.652,.560,.650,.380,.001,,142,128,,125,73,117,151,,,177.4,148.3,capelca01
86,DeMarre Carroll,PF,31,BRK,73,2180,,.414,.457,.371,.506,.764,.550,.313,.498,,90,90,103,97,100,99,124,148,,-23.3,-10.5,carrode01
87,Michael Carter-Williams,PG,26,CHO,52,835,,.332,.365,.237,.362,.820,.446,.389,.258,,72,71,66,70,107,80,154,76,,-72.7,-59.3,cartemi01
88,Vince Carter,SF,41,SAC,58,1026,,.403,.483,.345,.504,.757,.523,.131,.583,,88,95,95,97,99,94,52,173,,-10.0,-19.9,cartevi01
89,Alex Caruso,PG,23,LAL,37,562,,.431,.507,.302,.487,.700,.519,.259,.371,,94,99,84,93,91,93,103,110,,-7.9,-9.7,carusal01
90,Omri Casspi,SF,29,GSW,53,740,,.580,.595,.455,.604,.725,.632,.333,.106,,126,117,126,116,94,114,132,32,,34.2,36.0,casspom01
91,Willie Cauley-Stein,C,24,SAC,73,2044,,.502,.506,.250,.504,.619,.529,.320,.016,,109,99,69,97,81,95,127,5,,-26.7,-48.7,caulewi01
92,Tyler Cavanaugh,PF,23,ATL,39,518,,.441,.556,.360,.546,.810,.567,.138,.586,,96,109,99,105,106,102,55,174,,7.6,3.7,cavanty01
93,Mario Chalmers,PG,31,MEM,66,1421,,.379,.456,.277,.439,.855,.503,.312,.431,,82,89,77,84,111,90,124,128,,-72.8,-53.3,chalmma01
94,Tyson Chandler,C,35,PHO,46,1151,,.647,.647,,.647,.624,.658,.497,.000,,141,127,,124,81,118,197,,,47.1,46.5,chandty01
95,Wilson Chandler,SF,30,DEN,74,2346,,.445,.501,.358,.515,.772,.542,.181,.390,,97,98,99,99,101,97,72,116,,-7.7,-19.6,chandwi01
96,Marquese Chriss,PF,20,PHO,72,1527,,.423,.509,.295,.482,.608,.509,.331,.398,,92,100,81,93,79,91,132,118,,-37.2,-51.9,chrisma01
97,Ian Clark,SG,26,NOP,74,1455,,.448,.533,.318,.511,.763,.529,.119,.394,,97,105,88,98,99,95,47,117,,-10.0,-28.5,clarkia01
98,Jordan Clarkson,SG,25,TOT,81,1888,,.451,.500,.352,.509,.800,.542,.199,.333,,98,98,97,98,104,97,79,99,,-22.4,-30.1,clarkjo01
99,Gian Clavell,SG,24,DAL,7,64,,.333,.000,.400,.500,1.000,.530,.111,.833,,72,,111,96,130,95,44,247,,-0.8,-1.0,clavegi01
100,Antonius Cleveland,SG,23,TOT,17,123,,.381,.294,.750,.452,.667,.486,.286,.190,,83,58,207,87,87,87,113,57,,-2.9,-3.3,clevean01
101,Darren Collison,PG,30,IND,69,2018,,.495,.508,.468,.571,.882,.610,.226,.321,,108,100,129,109,115,110,90,95,,63.0,74.9,collida01
102,John Collins,PF,20,ATL,74,1785,,.576,.598,.340,.591,.715,.620,.341,.086,,125,117,94,113,93,111,135,26,,75.9,79.8,collijo01
103,Kyle Collinsworth,SF,26,DAL,32,480,,.384,.415,.235,.404,.525,.433,.404,.172,,83,81,65,78,68,78,160,51,,-23.2,-28.7,colliky01
104,Nick Collison,PF,37,OKC,15,75,,.684,.684,,.684,.385,.627,.684,.000,,149,134,,131,50,113,272,,,6.2,3.5,collini01
105,Zach Collins,C,20,POR,66,1045,,.398,.455,.310,.458,.643,.475,.145,.391,,86,89,86,88,84,85,58,116,,-36.2,-50.0,colliza01
106,Mike Conley,PG,30,MEM,12,373,,.381,.440,.312,.452,.803,.520,.393,.458,,83,86,86,87,105,94,156,136,,-23.1,-14.2,conlemi01
107,Pat Connaughton,SG,25,POR,82,1488,,.423,.506,.352,.518,.841,.539,.113,.538,,92,99,97,99,110,97,45,160,,-2.5,-14.3,connapa01
108,Charles Cooke,SG,23,NOP,13,38,,.143,.167,.125,.179,.500,.202,.143,.571,,31,33,35,34,65,36,57,170,,-9.6,-10.6,cookech01
109,Quinn Cook,PG,24,GSW,33,740,,.484,.514,.442,.575,.880,.593,.099,.413,,105,101,122,110,115,107,39,122,,27.3,19.5,cookqu01
110,Jack Cooley,PF,26,SAC,7,87,,.481,.481,,.481,.737,.566,.704,.000,,105,94,,92,96,102,279,,,-2.1,.7,cooleja01
111,Matt Costello,C,24,SAS,4,32,,.500,.500,,.500,,.500,.000,.000,,109,98,,96,,90,,,,-0.2,-0.4,costema01
112,DeMarcus Cousins,C,27,NOP,48,1737,,.470,.530,.354,.530,.746,.583,.456,.340,,102,104,98,102,97,105,181,101,,15.4,56.2,couside01
113,Robert Covington,SF,27,PHI,80,2532,,.413,.497,.369,.534,.853,.563,.163,.658,,90,97,102,102,111,101,65,195,,21.6,12.6,covinro01
114,Allen Crabbe,SG,25,BRK,75,2197,,.407,.461,.378,.529,.852,.558,.163,.643,,89,90,104,102,111,100,65,191,,13.0,4.1,crabbal01
115,Torrey Craig,SF,27,DEN,39,629,,.453,.570,.293,.515,.629,.535,.255,.423,,98,112,81,99,82,96,101,126,,-1.8,-6.5,craigto01
116,Jamal Crawford,SG,37,MIN,80,1653,,.415,.477,.331,.485,.903,.519,.152,.423,,90,93,92,93,118,93,60,126,,-53.4,-58.6,crawfja01
117,Jordan Crawford,SG,29,NOP,5,53,,.444,.308,.571,.593,1.000,.601,.037,.519,,97,60,158,114,130,108,15,154,,3.9,2.5,crawfjo02
118,Jae Crowder,SF,27,TOT,80,2090,,.404,.488,.323,.486,.818,.525,.221,.508,,88,96,89,93,107,94,88,151,,-47.4,-45.8,crowdja01
119,Dante Cunningham,SF,30,TOT,73,1562,,.451,.541,.345,.530,.596,.539,.143,.462,,98,106,95,102,78,97,57,137,,6.6,-13.3,cunnida01
120,Stephen Curry,PG,29,GSW,51,1631,,.495,.595,.423,.618,.921,.675,.350,.580,,108,117,117,119,120,121,139,172,,167.4,237.2,curryst01
121,Troy Daniels,SG,26,PHO,79,1622,,.403,.419,.400,.563,.875,.583,.111,.797,,88,82,110,108,114,105,44,236,,47.6,32.1,danietr01
122,Anthony Davis,PF,24,NOP,75,2727,,.534,.558,.340,.552,.828,.612,.409,.111,,116,109,94,106,108,110,162,33,,91.1,191.2,davisan02
123,Deyonta Davis,C,21,MEM,62,943,,.608,.608,,.608,.667,.621,.215,.000,,132,119,,117,87,112,85,,,45.8,37.3,davisde01
124,Ed Davis,C,28,POR,78,1471,,.582,.584,.000,.582,.667,.607,.380,.003,,126,114,,112,87,109,151,1,,35.6,34.9,davised01
125,Dewayne Dedmon,C,28,ATL,62,1542,,.524,.595,.355,.577,.779,.599,.180,.296,,114,117,98,111,102,108,72,88,,52.8,44.3,dedmode01
126,Sam Dekker,PF,23,LAC,73,883,,.494,.593,.167,.514,.661,.534,.216,.232,,107,116,46,99,86,96,86,69,,-4.0,-12.5,dekkesa01
127,Malcolm Delaney,PG,28,ATL,54,1014,,.382,.391,.371,.463,.804,.519,.323,.435,,83,77,103,89,105,93,128,129,,-33.1,-24.0,delanma01
128,Matthew Dellavedova,PG,27,MIL,38,712,,.362,.351,.372,.457,.926,.500,.178,.513,,79,69,103,88,121,90,71,152,,-19.4,-18.3,dellama01
129,Luol Deng,SF,32,LAL,1,13,,.500,.500,,.500,,.500,.000,.000,,109,98,,96,,90,,,,-0.1,-0.2,denglu01
130,DeMar DeRozan,SG,28,TOR,80,2711,,.456,.494,.310,.488,.825,.555,.396,.203,,99,97,86,94,108,100,157,60,,-93.9,-5.2,derozde01
131,Cheick Diallo,PF,21,NOP,52,581,,.580,.580,,.580,.758,.619,.375,.000,,126,114,,111,99,111,149,,,20.5,25.9,diallch01
132,Gorgui Dieng,C,28,MIN,79,1333,,.479,.511,.311,.504,.775,.543,.263,.157,,104,100,86,97,101,98,104,47,,-13.4,-11.5,dienggo01
133,Spencer Dinwiddie,PG,24,BRK,80,2306,,.387,.452,.326,.471,.813,.527,.320,.517,,84,89,90,90,106,95,127,153,,-84.5,-56.3,dinwisp01
134,Tyler Dorsey,SG,21,ATL,56,974,,.377,.393,.362,.471,.714,.494,.165,.521,,82,77,100,90,93,89,65,155,,-38.2,-50.7,dorsety01
135,Damyean Dotson,SG,23,NYK,44,474,,.447,.538,.324,.516,.696,.532,.143,.422,,97,105,89,99,91,96,57,125,,-1.8,-8.3,dotsoda01
136,Milton Doyle,SG,24,BRK,10,125,,.277,.375,.174,.319,.500,.337,.170,.489,,60,73,48,61,65,61,68,145,,-19.0,-22.2,doylemi01
137,PJ Dozier,PG,21,OKC,2,3,,.500,.500,,.500,,.500,.000,.000,,109,98,,96,,90,,,,-0.1,-0.2,doziepj01
138,Goran Dragić,PG,31,MIA,75,2378,,.450,.481,.370,.502,.801,.543,.252,.279,,98,94,102,96,104,98,100,83,,-41.5,-32.3,dragigo01
139,Larry Drew II,PG,27,TOT,10,70,,.292,.267,.333,.354,,.354,.000,.375,,63,52,92,68,,64,,111,,-8.0,-9.7,drewla02
140,Andre Drummond,C,24,DET,78,2625,,.529,.536,.000,.529,.605,.555,.448,.012,,115,105,,101,79,100,178,4,,13.7,-2.2,drumman01
141,Jared Dudley,PF,32,PHO,48,686,,.393,.452,.362,.512,.771,.553,.287,.656,,85,89,100,98,101,99,114,195,,-2.2,-0.8,dudleja01
142,Kris Dunn,PG,23,CHI,52,1525,,.429,.457,.321,.462,.737,.488,.171,.201,,93,90,89,89,96,88,68,60,,-79.2,-97.6,dunnkr01
143,Kevin Durant,SF,29,GSW,68,2325,,.516,.565,.419,.586,.889,.640,.331,.338,,112,111,116,113,116,115,131,100,,159.2,235.1,duranke01
144,Jarell Eddie,SF,26,TOT,3,9,,.000,,.000,.000,,.000,.000,1.000,,,,,,,,,297,,-2.1,-2.2,eddieja01
145,Henry Ellenson,PF,21,DET,38,329,,.363,.384,.333,.432,.862,.476,.199,.411,,79,75,92,83,112,86,79,122,,-26.2,-25.6,ellenhe01
146,Wayne Ellington,SG,30,MIA,77,2041,,.407,.479,.392,.569,.859,.588,.111,.827,,88,94,108,109,112,106,44,245,,67.3,47.2,ellinwa01
147,Joel Embiid,C,23,PHI,63,1912,,.483,.527,.308,.514,.769,.573,.442,.203,,105,103,85,99,100,103,176,60,,-14.7,41.9,embiijo01
148,James Ennis III,SF,27,TOT,72,1604,,.474,.567,.333,.540,.836,.588,.302,.398,,103,111,92,104,109,106,120,118,,14.7,28.1,ennisja01
149,Tyler Ennis,PG,23,LAL,54,683,,.420,.476,.250,.451,.759,.473,.129,.250,,91,93,69,87,99,85,51,74,,-31.5,-39.3,ennisty01
150,Jawun Evans,PG,21,LAC,48,778,,.352,.372,.278,.381,.776,.421,.194,.213,,76,73,77,73,101,76,77,63,,-70.7,-74.4,evansja01
151,Jeremy Evans,SF,30,ATL,1,5,,1.000,1.000,,1.000,,1.000,.000,.000,,217,196,,192,,180,,,,1.0,.9,evansje01
152,Tyreke Evans,PG,28,MEM,52,1607,,.452,.482,.399,.523,.785,.561,.258,.354,,98,94,110,100,102,101,103,105,,2.7,7.9,evansty01
153,Dante Exum,PG,22,UTA,14,235,,.483,.536,.278,.511,.806,.566,.356,.207,,105,105,77,98,105,102,141,61,,-1.7,2.1,exumda01
154,Kenneth Faried,PF,28,DEN,32,461,,.514,.517,.000,.514,.706,.552,.345,.007,,112,101,,99,92,99,137,2,,-2.3,-1.6,farieke01
155,Derrick Favors,C,26,UTA,77,2153,,.563,.596,.222,.573,.651,.593,.306,.090,,122,117,61,110,85,107,122,27,,72.3,57.9,favorde01
156,Kay Felder,PG,22,TOT,16,140,,.300,.333,.211,.329,.917,.379,.171,.271,,65,65,58,63,120,68,68,81,,-27.0,-26.7,feldeka01
157,Cristiano Felício,C,25,CHI,55,977,,.591,.596,.000,.591,.667,.614,.377,.009,,128,117,,113,87,110,150,3,,29.9,29.2,feliccr01
158,Raymond Felton,PG,33,OKC,82,1365,,.406,.444,.352,.479,.818,.494,.080,.417,,88,87,97,92,107,89,32,124,,-46.4,-70.5,feltora01
159,Terrance Ferguson,SG,19,OKC,61,763,,.414,.612,.333,.533,.900,.545,.059,.710,,90,120,92,102,117,98,23,211,,3.8,-3.9,fergute01
160,Yogi Ferrell,SG,24,DAL,82,2282,,.426,.477,.373,.518,.796,.540,.141,.492,,93,93,103,99,104,97,56,146,,-4.9,-24.4,ferreyo01
161,Dorian Finney-Smith,PF,24,DAL,21,448,,.380,.481,.299,.463,.733,.482,.124,.554,,83,94,83,89,96,87,49,164,,-14.1,-18.9,finnedo01
162,Bryn Forbes,SG,24,SAS,80,1517,,.421,.446,.390,.510,.667,.525,.145,.459,,91,87,108,98,87,94,58,136,,-11.1,-33.0,forbebr01
163,Evan Fournier,SF,25,ORL,57,1837,,.459,.516,.379,.538,.867,.577,.216,.418,,100,101,105,103,113,104,86,124,,27.0,36.3,fournev01
164,De'Aaron Fox,PG,20,SAC,73,2026,,.412,.436,.307,.441,.723,.478,.245,.192,,89,86,85,85,94,86,97,57,,-127.8,-137.9,foxde01
165,Tim Frazier,PG,27,WAS,59,838,,.395,.440,.304,.445,.767,.475,.174,.326,,86,86,84,85,100,85,69,97,,-26.3,-30.0,fraziti01
166,Channing Frye,C,34,TOT,53,695,,.491,.670,.339,.583,.895,.599,.090,.542,,107,131,94,112,117,108,36,161,,26.0,18.9,fryech01
167,Markelle Fultz,SG,19,PHI,14,253,,.405,.409,.000,.405,.476,.416,.189,.009,,88,80,,78,62,75,75,3,,-25.7,-33.7,fultzma01
168,Danilo Gallinari,SF,29,LAC,21,671,,.398,.455,.324,.469,.931,.545,.340,.434,,87,89,90,90,121,98,135,129,,-26.8,-6.3,gallida01
169,Langston Galloway,SG,26,DET,58,863,,.371,.418,.344,.481,.805,.503,.121,.641,,81,82,95,92,105,90,48,190,,-27.4,-38.2,gallola01
170,Marc Gasol,C,33,MEM,73,2408,,.420,.456,.341,.473,.834,.532,.326,.310,,91,89,94,91,109,96,130,92,,-99.8,-55.9,gasolma01
171,Pau Gasol,C,37,SAS,77,1812,,.458,.481,.358,.492,.756,.539,.333,.191,,99,94,99,94,99,97,132,57,,-36.6,-24.7,gasolpa01
172,Rudy Gay,PF,31,SAS,57,1231,,.471,.516,.314,.506,.772,.545,.270,.220,,102,101,87,97,101,98,107,65,,-16.7,-13.3,gayru01
173,Marcus Georges-Hunt,SG,23,MIN,42,224,,.438,.515,.267,.479,.619,.515,.438,.312,,95,101,74,92,81,93,174,93,,-4.0,-4.7,georgma01
174,Paul George,SF,27,OKC,79,2891,,.430,.454,.401,.521,.822,.570,.307,.454,,93,89,111,100,107,103,122,135,,-0.8,42.4,georgpa01
175,Jonathan Gibson,PG,30,BOS,4,40,,.609,.727,.500,.739,,.739,.000,.522,,132,143,138,142,,133,,155,,10.0,8.4,gibsojo01
176,Taj Gibson,PF,32,MIN,82,2726,,.577,.595,.200,.581,.768,.610,.251,.047,,125,117,55,112,100,110,100,14,,88.8,88.7,gibsota01
177,Manu Ginóbili,SG,40,SAS,65,1299,,.434,.506,.333,.503,.840,.553,.283,.415,,94,99,92,97,109,99,112,123,,-16.6,-3.1,ginobma01
178,Rudy Gobert,C,25,UTA,56,1816,,.622,.622,,.622,.682,.657,.673,.000,,135,122,,119,89,118,267,,,89.2,115.8,goberru01
179,Aaron Gordon,PF,22,ORL,58,1909,,.434,.497,.336,.500,.698,.530,.260,.395,,94,97,93,96,91,95,103,117,,-36.6,-50.2,gordoaa01
180,Eric Gordon,SG,29,HOU,69,2154,,.428,.544,.359,.540,.809,.578,.248,.627,,93,107,99,104,105,104,99,186,,36.9,46.1,gordoer01
181,Marcin Gortat,C,33,WAS,82,2075,,.518,.518,,.518,.675,.546,.291,.000,,113,101,,99,88,98,116,,,-3.7,-12.7,gortama01
182,Treveon Graham,SG,24,CHO,63,1050,,.434,.452,.412,.525,.695,.553,.267,.439,,94,89,114,101,91,99,106,130,,1.6,-1.7,grahatr01
183,Jerami Grant,PF,23,OKC,81,1647,,.535,.613,.291,.570,.675,.607,.526,.241,,116,120,80,109,88,109,209,72,,44.7,57.3,grantje01
184,Jerian Grant,PG,25,CHI,74,1686,,.416,.468,.326,.476,.745,.528,.374,.372,,90,92,90,91,97,95,148,110,,-45.3,-32.5,grantje02
185,Josh Gray,PG,24,PHO,5,86,,.268,.286,.231,.305,.636,.349,.268,.317,,58,56,64,58,83,63,107,94,,-17.7,-19.0,grayjo01
186,Danny Green,SG,30,SAS,70,1791,,.387,.419,.362,.490,.769,.509,.116,.570,,84,82,100,94,100,91,46,169,,-34.8,-55.8,greenda02
187,Draymond Green,PF,27,GSW,70,2287,,.454,.562,.301,.516,.775,.556,.279,.414,,99,110,83,99,101,100,111,123,,-6.2,-0.2,greendr01
188,Gerald Green,SG,32,HOU,41,929,,.407,.504,.369,.540,.850,.566,.145,.722,,88,99,102,104,111,102,58,214,,15.5,8.3,greenge01
189,JaMychal Green,PF,27,MEM,55,1542,,.457,.499,.339,.501,.721,.530,.227,.260,,99,98,94,96,94,95,90,77,,-19.7,-28.1,greenja01
190,Jeff Green,PF,31,CLE,78,1828,,.477,.540,.312,.520,.868,.587,.379,.275,,104,106,86,100,113,105,150,82,,-1.2,44.1,greenje02
191,Blake Griffin,PF,28,TOT,58,1970,,.438,.482,.345,.493,.785,.544,.331,.323,,95,94,95,95,102,98,132,96,,-55.2,-27.3,griffbl01
192,Daniel Hamilton,SG,22,OKC,6,28,,.455,.500,.400,.545,,.545,.000,.455,,99,98,111,105,,98,,135,,.5,-0.2,hamilda02
193,Tim Hardaway Jr.,SG,25,NYK,57,1885,,.421,.516,.317,.496,.816,.533,.209,.479,,91,101,88,95,106,96,83,142,,-42.3,-43.7,hardati02
194,James Harden,SG,28,HOU,72,2551,,.449,.531,.367,.541,.858,.619,.502,.498,,98,104,101,104,112,111,199,148,,56.6,223.5,hardeja01
195,Maurice Harkless,SF,24,POR,59,1264,,.495,.547,.415,.577,.712,.596,.199,.397,,108,107,115,111,93,107,79,118,,33.4,25.8,harklma01
196,Montrezl Harrell,C,24,LAC,76,1293,,.635,.641,.143,.636,.626,.647,.405,.013,,138,126,39,122,82,116,161,4,,125.8,117.8,harremo01
197,Aaron Harrison,SG,23,DAL,9,233,,.275,.385,.209,.341,.765,.392,.246,.623,,60,75,58,65,100,71,98,185,,-24.9,-25.1,harriaa01
198,Andrew Harrison,PG,23,MEM,56,1326,,.422,.467,.331,.477,.780,.534,.371,.331,,92,91,91,91,102,96,147,98,,-38.2,-22.0,harrian01
199,Devin Harris,PG,34,TOT,71,1340,,.412,.476,.348,.499,.835,.563,.374,.500,,89,93,96,96,109,101,149,148,,-20.2,6.8,harride01
200,Gary Harris,SG,23,DEN,67,2304,,.485,.553,.396,.570,.827,.597,.178,.434,,105,108,109,109,108,107,71,129,,89.5,80.8,harriga01
201,Joe Harris,SG,26,BRK,78,1975,,.491,.589,.419,.612,.827,.634,.167,.576,,107,115,116,117,108,114,66,171,,112.7,104.4,harrijo01
202,Shaquille Harrison,PG,24,PHO,23,384,,.476,.541,.231,.500,.737,.540,.306,.210,,103,106,64,96,96,97,122,62,,-5.3,-4.5,harrish01
203,Tobias Harris,PF,25,TOT,80,2668,,.460,.488,.411,.535,.829,.565,.177,.364,,100,96,114,103,108,102,70,108,,34.3,22.2,harrito02
204,Josh Hart,SG,22,LAL,63,1461,,.469,.551,.396,.573,.702,.596,.251,.525,,102,108,109,110,92,107,100,156,,39.1,32.9,hartjo01
205,Udonis Haslem,C,37,MIA,14,72,,.200,.286,.125,.233,.500,.252,.133,.533,,43,56,35,45,65,45,53,158,,-8.6,-9.7,hasleud01
206,Nigel Hayes,SF,23,TOT,9,122,,.333,.412,.250,.394,.333,.393,.091,.485,,72,81,69,76,43,71,36,144,,-8.4,-11.2,hayesni01
207,Gordon Hayward,SF,27,BOS,1,5,,.500,1.000,.000,.500,,.500,.000,.500,,109,196,,96,,90,,148,,-0.1,-0.2,haywago01
208,Reggie Hearn,SG,26,DET,3,7,,.500,,.500,.750,,.750,.000,1.000,,109,,138,144,,135,,297,,.9,.8,hearnre01
209,Myke Henry,SF,25,MEM,20,378,,.376,.431,.328,.463,.600,.472,.092,.532,,82,85,91,89,78,85,36,158,,-12.6,-19.1,henrymy01
210,John Henson,C,27,MIL,76,1970,,.572,.578,.143,.573,.570,.582,.315,.014,,124,113,39,110,74,105,125,4,,51.7,29.3,hensojo01
211,Juancho Hernangómez,PF,22,DEN,25,277,,.387,.600,.280,.480,.833,.511,.160,.667,,84,118,77,92,109,92,64,198,,-6.2,-7.3,hernaju01
212,Willy Hernangómez,C,23,TOT,48,495,,.555,.566,.417,.570,.656,.604,.549,.073,,121,111,115,109,85,109,218,22,,16.1,19.5,hernawi01
213,Mario Hezonja,SF,22,ORL,75,1657,,.442,.523,.337,.515,.819,.544,.170,.433,,96,102,93,99,107,98,68,128,,-7.1,-15.7,hezonma01
214,Isaiah Hicks,PF,23,NYK,18,240,,.458,.492,.222,.472,.667,.501,.250,.125,,100,96,61,91,87,90,99,37,,-7.0,-8.9,hicksis01
215,Buddy Hield,SG,25,SAC,80,2024,,.446,.457,.431,.540,.877,.557,.087,.437,,97,90,119,104,114,100,34,130,,35.5,1.6,hieldbu01
216,Nenê,C,35,HOU,52,758,,.569,.574,.000,.569,.636,.594,.448,.008,,124,112,,109,83,107,178,2,,22.9,21.8,hilarne01
217,George Hill,PG,31,TOT,67,1812,,.460,.490,.415,.543,.786,.580,.273,.400,,100,96,115,104,102,104,108,119,,22.3,27.9,hillge01
218,Darrun Hilliard,SG,24,SAS,14,95,,.263,.385,.000,.263,.857,.362,.368,.316,,57,75,,50,112,65,146,94,,-9.8,-8.6,hillida01
219,Solomon Hill,SF,26,NOP,12,187,,.268,.350,.190,.317,.500,.332,.146,.512,,58,69,53,61,65,60,58,152,,-16.7,-19.5,hillso01
220,Jrue Holiday,SG,27,NOP,81,2927,,.494,.557,.337,.543,.786,.570,.191,.286,,107,109,93,104,102,102,76,85,,53.3,36.8,holidjr01
221,Justin Holiday,SG,28,CHI,72,2265,,.371,.387,.359,.474,.823,.513,.210,.574,,81,76,99,91,107,92,83,170,,-74.1,-74.1,holidju01
222,John Holland,SF,29,CLE,24,174,,.288,.261,.306,.381,.692,.417,.220,.610,,63,51,84,73,90,75,87,181,,-16.5,-18.0,hollajo02
223,Rondae Hollis-Jefferson,SF,23,BRK,68,1920,,.472,.491,.241,.481,.788,.548,.436,.075,,103,96,67,92,103,99,173,22,,-57.7,-14.0,holliro01
224,Richaun Holmes,C,24,PHI,48,746,,.560,.624,.129,.568,.661,.585,.232,.129,,122,122,36,109,86,105,92,38,,22.8,15.5,holmeri01
225,Rodney Hood,SG,25,TOT,60,1616,,.429,.467,.381,.513,.860,.546,.172,.443,,93,91,105,98,112,98,68,132,,-11.8,-16.5,hoodro01
226,Scotty Hopson,SG,28,DAL,1,8,,.000,.000,,.000,.500,.266,2.000,.000,,,,,,65,48,794,,,-1.0,-1.1,hopsosc01
227,Al Horford,C,31,BOS,72,2277,,.489,.514,.429,.553,.783,.575,.159,.300,,106,101,119,106,102,103,63,89,,48.1,30.7,horfoal01
228,Danuel House Jr.,SG,24,PHO,23,403,,.434,.577,.259,.492,.806,.533,.240,.450,,94,113,71,94,105,96,95,133,,-7.5,-6.7,houseda01
229,Dwight Howard,C,32,CHO,81,2463,,.555,.559,.143,.556,.574,.577,.639,.008,,121,109,39,107,75,104,254,2,,63.4,48.9,howardw01
230,Josh Huestis,PF,26,OKC,69,982,,.330,.403,.287,.420,.300,.417,.110,.632,,72,79,79,81,39,75,44,188,,-36.7,-53.2,huestjo01
231,R.J. Hunter,SG,24,HOU,5,45,,.350,.667,.214,.425,1.000,.455,.100,.700,,76,131,59,82,130,82,40,208,,-3.8,-4.2,hunterj01
232,Vince Hunter,PF,23,MEM,4,7,,.600,.600,,.600,,.600,.000,.000,,130,118,,115,,108,,,,.8,.4,huntevi01
233,Serge Ibaka,PF,28,TOR,76,2093,,.483,.559,.360,.552,.797,.574,.151,.379,,105,109,100,106,104,103,60,112,,47.8,29.2,ibakase01
234,Andre Iguodala,SF,34,GSW,64,1622,,.463,.567,.282,.514,.632,.536,.272,.366,,100,111,78,99,82,96,108,109,,-4.6,-14.5,iguodan01
235,Ersan İlyasova,PF,30,TOT,69,1729,,.452,.517,.360,.526,.778,.558,.220,.413,,98,101,99,101,101,100,87,122,,6.0,2.1,ilyaser01
236,Joe Ingles,SF,30,UTA,82,2578,,.467,.516,.440,.609,.795,.623,.116,.646,,101,101,122,117,104,112,46,192,,125.6,100.8,inglejo01
237,Andre Ingram,SG,32,LAL,2,64,,.471,.375,.556,.618,1.000,.655,.176,.529,,102,73,154,119,130,118,70,157,,3.3,3.6,ingraan01
238,Brandon Ingram,SF,20,LAL,59,1975,,.470,.483,.390,.497,.681,.536,.371,.138,,102,95,108,95,89,96,147,41,,-36.2,-35.5,ingrabr01
239,Kyrie Irving,PG,25,BOS,60,1931,,.491,.541,.408,.568,.889,.610,.240,.374,,107,106,113,109,116,110,95,111,,101.0,129.2,irvinky01
240,Jonathan Isaac,PF,20,ORL,27,536,,.379,.394,.348,.434,.760,.465,.172,.317,,82,77,96,83,99,84,68,94,,-25.1,-28.5,isaacjo01
241,Wes Iwundu,SF,23,ORL,62,1020,,.427,.488,.196,.447,.723,.480,.216,.211,,93,96,54,86,94,86,86,63,,-32.2,-36.5,iwundwe01
242,Jarrett Jack,PG,34,NYK,62,1548,,.427,.459,.291,.455,.840,.489,.169,.194,,93,90,80,87,110,88,67,58,,-58.8,-63.5,jackja01
243,Aaron Jackson,PG,31,HOU,1,35,,.333,.400,.250,.389,.500,.405,.222,.444,,72,78,69,75,65,73,88,132,,-2.4,-3.0,jacksaa01
244,Demetrius Jackson,PG,23,TOT,15,80,,.389,.545,.143,.417,.500,.424,.111,.389,,84,107,39,80,65,76,44,115,,-3.8,-5.0,jacksde01
245,Josh Jackson,SF,20,PHO,77,1959,,.417,.464,.263,.448,.634,.480,.299,.233,,91,91,73,86,83,86,119,69,,-136.5,-161.2,jacksjo02
246,Justin Jackson,SF,22,SAC,68,1506,,.442,.547,.308,.510,.722,.521,.086,.442,,96,107,85,98,94,94,34,131,,-9.7,-30.7,jacksju01
247,Reggie Jackson,PG,27,DET,45,1201,,.426,.475,.308,.471,.836,.516,.232,.293,,93,93,85,90,109,93,92,87,,-57.4,-51.4,jacksre01
248,LeBron James,PF,33,CLE,82,3026,,.542,.603,.367,.590,.731,.621,.336,.257,,118,118,101,113,95,112,133,76,,216.1,233.7,jamesle01
249,Mike James,PG,27,TOT,36,687,,.383,.435,.265,.424,.762,.469,.262,.305,,83,85,73,81,99,84,104,91,,-62.6,-62.2,jamesmi02
250,Al Jefferson,C,33,IND,36,484,,.534,.541,.000,.534,.833,.563,.173,.014,,116,106,,102,109,101,69,4,,5.2,3.0,jeffeal01
251,Richard Jefferson,SF,37,DEN,20,163,,.444,.500,.286,.481,.571,.499,.259,.259,,97,98,79,92,74,90,103,77,,-2.1,-3.5,jefferi01
252,Brandon Jennings,PG,28,MIL,14,205,,.375,.462,.273,.438,1.000,.478,.139,.458,,81,90,75,84,130,86,55,136,,-12.0,-12.0,jennibr01
253,Jonas Jerebko,PF,30,UTA,74,1134,,.466,.511,.414,.562,.807,.586,.167,.460,,101,100,114,108,105,105,66,137,,27.6,21.8,jerebjo01
254,Amir Johnson,C,30,PHI,74,1171,,.538,.570,.312,.558,.612,.575,.327,.123,,117,112,86,107,80,103,130,37,,19.0,11.2,johnsam01
255,Brice Johnson,PF,23,TOT,18,98,,.476,.488,.000,.476,.600,.486,.119,.024,,103,96,,91,78,87,47,7,,-3.8,-6.2,johnsbr02
256,Dakari Johnson,C,22,OKC,31,161,,.564,.564,,.564,.550,.575,.513,.000,,123,111,,108,72,103,204,,,3.3,1.8,johnsda04
257,James Johnson,PF,30,MIA,73,1943,,.503,.587,.308,.550,.698,.575,.264,.301,,109,115,85,105,91,103,105,89,,35.0,25.8,johnsja01
258,Joe Johnson,SF,36,TOT,55,1205,,.406,.493,.276,.461,.889,.490,.125,.403,,88,97,76,88,116,88,50,120,,-43.2,-50.4,johnsjo02
259,Omari Johnson,PF,28,MEM,4,75,,.429,.556,.333,.524,,.524,.000,.571,,93,109,92,101,,94,,170,,.1,-1.4,johnsom01
260,Stanley Johnson,SF,21,DET,69,1894,,.375,.439,.286,.435,.772,.480,.259,.418,,81,86,79,83,101,86,103,124,,-96.7,-94.8,johnsst04
261,Tyler Johnson,PG,25,MIA,72,2052,,.435,.491,.367,.518,.822,.549,.181,.456,,94,96,102,99,107,99,72,135,,-4.1,-11.0,johnsty01
262,Wesley Johnson,SF,30,LAC,74,1486,,.408,.471,.339,.489,.741,.512,.158,.481,,89,92,94,94,97,92,63,143,,-23.6,-34.7,johnswe01
263,Nikola Jokić,C,22,DEN,75,2443,,.499,.538,.396,.554,.850,.603,.310,.277,,108,106,110,106,111,108,123,82,,66.2,108.4,jokicni01
264,Damian Jones,C,22,GSW,15,89,,.500,.500,,.500,.600,.517,.227,.000,,109,98,,96,78,93,90,,,-0.9,-1.9,jonesda03
265,Derrick Jones Jr.,SF,20,TOT,20,245,,.396,.514,.167,.425,.667,.480,.453,.340,,86,101,46,81,87,86,180,101,,-10.2,-9.7,jonesde02
266,Jalen Jones,SF,24,TOT,16,181,,.382,.381,.385,.456,.632,.485,.279,.382,,83,75,106,87,82,87,111,113,,-8.9,-10.9,jonesja04
267,Tyus Jones,PG,21,MIN,82,1467,,.457,.528,.349,.526,.877,.572,.247,.393,,99,103,96,101,114,103,98,117,,3.1,11.5,jonesty01
268,DeAndre Jordan,C,29,LAC,77,2424,,.645,.645,,.645,.580,.648,.540,.000,,140,126,,124,76,117,214,,,143.5,131.4,jordade01
269,Cory Joseph,PG,26,IND,82,2210,,.424,.457,.353,.479,.745,.503,.156,.315,,92,89,97,92,97,90,62,93,,-50.6,-68.8,josepco01
270,Frank Kaminsky,PF,24,CHO,79,1835,,.429,.459,.380,.501,.799,.545,.271,.383,,93,90,105,96,104,98,108,114,,-28.3,-18.3,kaminfr01
271,Enes Freedom,C,25,NYK,71,1830,,.592,.594,.000,.592,.848,.630,.258,.003,,129,116,,114,111,113,102,1,,100.8,116.9,kanteen01
272,Luke Kennard,SG,21,DET,73,1463,,.443,.463,.415,.530,.855,.560,.163,.419,,96,91,115,102,112,101,65,124,,8.3,3.6,kennalu01
273,Michael Kidd-Gilchrist,SF,24,CHO,74,1850,,.504,.505,.000,.504,.684,.536,.305,.004,,109,99,,97,89,96,121,1,,-19.7,-25.6,kiddgmi01
274,Sean Kilpatrick,SG,28,TOT,52,640,,.374,.427,.319,.452,.889,.507,.245,.490,,81,84,88,87,116,91,97,145,,-40.5,-32.3,kilpase01
275,Maxi Kleber,PF,26,DAL,72,1206,,.489,.613,.312,.553,.746,.576,.191,.414,,106,120,86,106,97,104,76,123,,19.9,13.4,klebima01
276,Furkan Korkmaz,SG,20,PHI,14,80,,.286,.273,.294,.375,.500,.386,.143,.607,,62,53,81,72,65,69,57,180,,-8.2,-10.1,korkmfu01
277,Luke Kornet,C,22,NYK,20,326,,.392,.457,.354,.504,.727,.516,.088,.632,,85,89,98,97,95,93,35,188,,-4.3,-10.4,kornelu01
278,Kyle Korver,SG,36,CLE,73,1574,,.459,.537,.436,.628,.889,.652,.149,.777,,100,105,121,121,116,117,59,231,,103.5,98.4,korveky01
279,Kosta Koufos,C,28,SAC,71,1391,,.571,.571,,.571,.446,.566,.190,.000,,124,112,,110,58,102,76,,,38.5,8.1,koufoko01
280,Kyle Kuzma,PF,22,LAL,77,2401,,.450,.511,.366,.527,.707,.549,.200,.418,,98,100,101,101,92,99,79,124,,12.0,-15.5,kuzmaky01
281,Mindaugas Kuzminskas,SF,28,NYK,1,2,,.000,.000,,.000,,.000,.000,.000,,,,,,,,,,,-2.1,-2.2,kuzmimi01
282,Skal Labissière,PF,21,SAC,60,1240,,.448,.459,.353,.467,.805,.513,.258,.111,,97,90,98,90,105,92,102,33,,-49.4,-44.2,labissk01
283,Jeremy Lamb,SG,25,CHO,80,1967,,.457,.495,.370,.513,.861,.559,.250,.305,,99,97,102,98,112,101,99,91,,-13.2,5.8,lambje01
284,Shane Larkin,PG,25,BOS,54,775,,.384,.398,.360,.454,.865,.491,.169,.393,,83,78,100,87,113,88,67,117,,-29.3,-30.7,larkish01
285,Joffrey Lauvergne,C,26,SAS,55,534,,.516,.530,.000,.516,.638,.536,.247,.026,,112,104,,99,83,96,98,8,,-2.0,-8.3,lauvejo01
286,Zach LaVine,SG,22,CHI,24,656,,.383,.405,.341,.442,.813,.499,.301,.346,,83,79,94,85,106,90,120,103,,-56.0,-46.2,lavinza01
287,Jake Layman,SF,23,POR,35,160,,.298,.370,.200,.340,.667,.352,.064,.426,,65,73,55,65,87,63,25,126,,-17.0,-19.7,laymaja01
288,T.J. Leaf,PF,20,IND,53,459,,.471,.489,.429,.537,.625,.545,.118,.309,,102,96,118,103,81,98,47,92,,4.2,-3.1,leaftj01
289,Courtney Lee,SG,32,NYK,76,2310,,.454,.482,.406,.529,.919,.564,.164,.368,,99,94,112,102,120,101,65,109,,12.0,12.5,leeco01
290,Damion Lee,SG,25,ATL,15,404,,.408,.511,.250,.457,.759,.489,.191,.395,,89,100,69,88,99,88,76,117,,-19.4,-22.3,leeda03
291,Walt Lemon Jr.,PG,25,NOP,5,35,,.438,.400,1.000,.469,.667,.491,.188,.062,,95,78,276,90,87,88,74,19,,-1.7,-2.3,lemonwa01
292,Alex Len,C,24,PHO,69,1395,,.566,.568,.333,.567,.684,.612,.611,.008,,123,111,92,109,89,110,243,2,,35.0,53.5,lenal01
293,Kawhi Leonard,SF,26,SAS,9,210,,.468,.539,.314,.518,.816,.572,.342,.315,,102,106,87,99,106,103,136,94,,-0.7,3.9,leonaka01
294,Meyers Leonard,C,25,POR,33,254,,.590,.673,.423,.660,.818,.676,.141,.333,,128,132,117,127,107,122,56,99,,21.7,19.9,leoname01
295,Jon Leuer,PF,28,DET,8,136,,.417,.455,.000,.417,.867,.505,.417,.083,,91,89,,80,113,91,165,25,,-7.5,-4.4,leuerjo01
296,Caris LeVert,SF,23,BRK,71,1864,,.435,.480,.347,.493,.711,.525,.254,.333,,95,94,96,95,93,94,101,99,,-41.1,-51.1,leverca01
297,DeAndre Liggins,SG,29,TOT,58,724,,.377,.396,.358,.467,.400,.467,.047,.500,,82,78,99,90,52,84,19,148,,-11.5,-19.4,liggide01
298,Damian Lillard,PG,27,POR,73,2670,,.439,.501,.361,.519,.916,.594,.380,.445,,95,98,100,100,119,107,151,132,,-5.9,124.8,lillada01
299,Jeremy Lin,PG,29,BRK,1,25,,.417,.400,.500,.458,1.000,.597,.583,.167,,91,78,138,88,130,107,232,49,,-1.5,1.2,linje01
300,Shaun Livingston,PG,32,GSW,71,1129,,.501,.509,.000,.501,.820,.533,.178,.015,,109,100,,96,107,96,71,4,,-13.5,-17.4,livinsh01
301,Kevon Looney,C,21,GSW,66,910,,.580,.590,.200,.583,.545,.588,.399,.026,,126,116,55,112,71,106,158,8,,23.8,14.6,looneke01
302,Brook Lopez,C,29,LAL,74,1735,,.465,.549,.345,.536,.703,.557,.199,.410,,101,108,95,103,92,100,79,122,,23.4,1.6,lopezbr01
303,Robin Lopez,C,29,CHI,64,1690,,.530,.536,.286,.533,.756,.552,.140,.022,,115,105,79,102,99,99,55,6,,15.7,-5.5,lopezro01
304,Kevin Love,C,29,CLE,59,1651,,.458,.494,.415,.552,.880,.614,.365,.453,,100,97,115,106,115,110,145,134,,45.1,98.0,loveke01
305,Kyle Lowry,PG,31,TOR,78,2510,,.427,.474,.399,.553,.854,.598,.276,.631,,93,93,110,106,111,108,110,187,,60.0,89.3,lowryky01
306,Timothé Luwawu-Cabarrot,SF,22,PHI,52,807,,.375,.431,.335,.474,.793,.511,.217,.592,,81,85,93,91,103,92,86,176,,-25.3,-26.4,luwawti01
307,Tyler Lydon,PF,21,DEN,1,2,,,,,,,,,,,,,,,,,,,,.0,.0,lydonty01
308,Trey Lyles,PF,22,DEN,73,1391,,.491,.563,.381,.566,.706,.591,.260,.396,,107,110,105,109,92,106,103,118,,49.7,42.3,lylestr01
309,Shelvin Mack,PG,27,ORL,69,1365,,.430,.473,.345,.488,.711,.518,.234,.336,,93,93,95,94,93,93,93,100,,-27.5,-35.0,macksh01
310,Josh Magette,PG,28,ATL,18,216,,.326,.292,.364,.413,1.000,.464,.174,.478,,71,57,101,79,130,84,69,142,,-9.9,-9.1,magetjo01
311,Ian Mahinmi,C,31,WAS,77,1145,,.556,.561,.000,.556,.703,.601,.516,.008,,121,110,,107,92,108,205,2,,17.5,27.5,mahinia01
312,Thon Maker,C,20,MIL,74,1238,,.411,.467,.298,.460,.699,.499,.294,.329,,89,92,82,88,91,90,117,98,,-38.4,-41.0,makerth01
313,Boban Marjanović,C,29,TOT,39,337,,.534,.534,,.534,.794,.616,.655,.000,,116,105,,102,103,111,260,,,3.7,22.9,marjabo01
314,Lauri Markkanen,PF,20,CHI,68,2020,,.434,.497,.362,.518,.843,.552,.193,.465,,94,97,100,99,110,99,76,138,,-5.5,-7.0,markkla01
315,Jarell Martin,PF,23,MEM,73,1661,,.446,.470,.347,.480,.767,.516,.234,.198,,97,92,96,92,100,93,93,59,,-41.0,-43.5,martija01
316,Frank Mason III,PG,23,SAC,52,984,,.379,.384,.360,.420,.817,.480,.303,.226,,82,75,100,81,107,86,120,67,,-77.1,-66.0,masonfr01
317,Mangok Mathiang,C,25,CHO,4,20,,.571,.571,,.571,.000,.538,.143,.000,,124,112,,110,,97,57,,,.7,-0.3,mathima01
318,Wesley Matthews,SF,31,DAL,63,2131,,.406,.441,.381,.516,.822,.541,.145,.577,,88,86,105,99,107,97,58,171,,-7.5,-22.7,matthwe02
319,Luc Mbah a Moute,PF,31,HOU,61,1564,,.481,.599,.364,.572,.684,.595,.275,.501,,105,117,101,110,89,107,109,149,,35.4,29.8,mbahalu01
320,James Michael McAdoo,PF,25,PHI,3,18,,.286,,.286,.429,1.000,.508,.286,1.000,,62,,79,82,130,91,113,297,,-1.3,-0.8,mcadoja01
321,Patrick McCaw,SG,22,GSW,57,961,,.409,.503,.237,.451,.765,.477,.151,.356,,89,99,66,87,100,86,60,106,,-31.5,-37.9,mccawpa01
322,CJ McCollum,SG,26,POR,81,2923,,.443,.465,.397,.506,.836,.536,.166,.316,,96,91,110,97,109,96,66,94,,-45.8,-64.4,mccolcj01
323,T.J. McConnell,PG,25,PHI,76,1706,,.499,.510,.435,.531,.795,.545,.093,.147,,108,100,120,102,104,98,37,44,,8.2,-9.4,mccontj01
324,Erik McCree,SF,24,UTA,4,8,,.000,.000,.000,.000,,.000,.000,.500,,,,,,,,,148,,-2.1,-2.2,mccreer01
325,Chris McCullough,PF,22,WAS,19,90,,.429,.500,.125,.440,.643,.478,.333,.190,,93,98,35,85,84,86,132,57,,-6.8,-7.6,mcculch01
326,Doug McDermott,SF,26,TOT,81,1768,,.467,.497,.426,.557,.790,.579,.159,.425,,101,97,118,107,103,104,63,126,,36.5,25.3,mcderdo01
327,JaVale McGee,C,30,GSW,65,615,,.621,.638,.000,.621,.731,.641,.237,.027,,135,125,,119,95,115,94,8,,43.7,41.0,mcgeeja01
328,Rodney McGruder,SG,26,MIA,18,299,,.493,.553,.429,.596,.500,.595,.110,.479,,107,108,118,114,65,107,44,142,,10.9,5.9,mcgruro01
329,Alfonzo McKinnie,SF,25,TOR,14,53,,.533,.833,.333,.633,.667,.643,.200,.600,,116,163,92,122,87,116,79,178,,3.4,2.8,mckinal01
330,Trey McKinney-Jones,SG,27,IND,1,1,,,,,,,,,,,,,,,,,,,,.0,.0,mckintr01
331,Ben McLemore,SG,24,MEM,56,1091,,.421,.477,.346,.495,.828,.526,.172,.426,,91,93,96,95,108,95,68,127,,-19.8,-24.2,mclembe01
332,Josh McRoberts,PF,30,DAL,2,6,,.000,,.000,.000,,.000,.000,1.000,,,,,,,,,297,,-1.0,-1.1,mcrobjo01
333,Jodie Meeks,SG,30,WAS,77,1119,,.399,.464,.343,.491,.863,.548,.298,.534,,87,91,95,94,113,99,118,159,,-23.6,-7.4,meeksjo01
334,Salah Mejri,C,31,DAL,61,729,,.642,.657,.000,.642,.576,.644,.482,.022,,140,129,,123,75,116,191,6,,33.2,29.3,mejrisa01
335,Jordan Mickey,PF,23,MIA,23,284,,.476,.561,.125,.488,.684,.515,.232,.195,,103,110,35,94,89,93,92,58,,-5.5,-7.5,mickejo01
336,Khris Middleton,SF,26,MIL,82,2982,,.466,.517,.359,.524,.884,.577,.285,.320,,101,101,99,100,115,104,113,95,,6.1,60.0,middlkh01
337,C.J. Miles,SF,30,TOR,70,1337,,.379,.434,.361,.516,.835,.545,.162,.758,,82,85,100,99,109,98,64,225,,-6.4,-14.7,milescj01
338,Darius Miller,SF,27,NOP,82,1944,,.444,.535,.411,.594,.866,.617,.138,.735,,96,105,114,114,113,111,55,218,,71.4,62.5,milleda01
339,Malcolm Miller,SF,24,TOR,15,126,,.464,.714,.381,.607,1.000,.638,.143,.750,,101,140,105,116,130,115,57,223,,4.8,4.9,millema01
340,Paul Millsap,PF,32,DEN,38,1143,,.464,.506,.345,.509,.696,.549,.370,.260,,101,99,95,98,91,99,147,77,,-10.4,-7.6,millspa01
341,Patty Mills,PG,29,SAS,82,2107,,.411,.470,.372,.523,.890,.558,.173,.607,,89,92,103,100,116,100,69,180,,3.1,2.7,millspa02
342,Nikola Mirotić,PF,26,TOT,55,1494,,.447,.525,.377,.546,.818,.577,.200,.523,,97,103,104,105,107,104,80,155,,34.0,31.1,mirotni01
343,Donovan Mitchell,SG,21,UTA,79,2638,,.437,.502,.340,.506,.805,.541,.218,.404,,95,98,94,97,105,97,87,120,,-42.7,-44.3,mitchdo01
344,Naz Mitrou-Long,SG,24,UTA,1,1,,1.000,,1.000,1.500,,1.500,.000,1.000,,217,,276,288,,270,,297,,2.0,1.9,mitrona01
345,Malik Monk,SG,19,CHO,63,854,,.360,.385,.342,.458,.842,.477,.089,.572,,78,75,94,88,110,86,35,170,,-54.0,-70.3,monkma01
346,Greg Monroe,C,27,TOT,51,1040,,.565,.565,,.565,.739,.598,.308,.000,,123,111,,108,96,107,122,,,33.6,36.4,monrogr01
347,Luis Montero,SG,24,DET,2,8,,.000,.000,,.000,,.000,.000,.000,,,,,,,,,,,-1.0,-1.1,montelu01
348,Ben Moore,PF,22,IND,2,9,,,,,,,,,,,,,,,,,,,,.0,.0,moorebe01
349,E'Twaun Moore,SG,28,NOP,82,2586,,.508,.556,.425,.585,.706,.593,.082,.362,,110,109,118,112,92,107,32,107,,106.8,63.3,mooreet01
350,Eric Moreland,PF,26,DET,67,805,,.541,.541,,.541,.379,.531,.238,.000,,118,106,,104,49,95,94,,,4.8,-6.9,moreler01
351,Jaylen Morris,SG,22,ATL,6,98,,.406,.500,.200,.438,,.438,.000,.312,,88,98,55,84,,79,,93,,-5.4,-7.6,morrija01
352,Markieff Morris,PF,28,WAS,73,1968,,.480,.529,.367,.536,.820,.566,.186,.301,,104,104,101,103,107,102,74,89,,19.9,14.2,morrima02
353,Marcus Morris,PF,28,BOS,54,1442,,.429,.467,.368,.499,.805,.541,.252,.383,,93,91,102,96,105,97,100,114,,-26.9,-21.0,morrima03
354,Monte Morris,PG,22,DEN,3,25,,.667,.800,.000,.667,1.000,.727,.333,.167,,145,157,,128,130,131,132,49,,1.7,2.3,morrimo01
355,Johnathan Motley,PF,22,DAL,11,176,,.533,.565,.167,.540,.536,.550,.373,.080,,116,111,46,104,70,99,148,24,,2.8,-1.1,motlejo01
356,Timofey Mozgov,C,31,BRK,31,359,,.559,.640,.222,.581,.767,.617,.323,.194,,121,125,61,111,100,111,128,57,,11.1,12.9,mozgoti01
357,Emmanuel Mudiay,PG,21,TOT,64,1245,,.388,.415,.318,.433,.760,.474,.245,.281,,84,81,88,83,99,85,97,83,,-93.3,-95.2,mudiaem01
358,Shabazz Muhammad,SF-SG,25,TOT,43,418,,.447,.478,.259,.465,.780,.510,.266,.144,,97,94,72,89,102,92,106,43,,-21.0,-19.6,muhamsh01
359,Xavier Munford,SG,25,MIL,6,21,,.167,.250,.000,.167,.500,.218,.333,.333,,36,49,,32,65,39,132,99,,-4.3,-4.7,munfoxa02
360,Dejounte Murray,PG,21,SAS,81,1743,,.443,.454,.265,.451,.709,.485,.243,.056,,96,89,73,86,92,87,96,17,,-85.8,-95.8,murrade01
361,Jamal Murray,PG,20,DEN,81,2565,,.451,.502,.378,.529,.905,.576,.238,.411,,98,98,105,101,118,104,95,122,,16.0,46.9,murraja01
362,Mike Muscala,C,26,ATL,53,1060,,.458,.559,.371,.558,.919,.597,.199,.535,,100,109,103,107,120,107,79,159,,22.8,27.6,muscami01
363,Abdel Nader,SF,24,BOS,48,522,,.336,.321,.354,.413,.590,.439,.262,.436,,73,63,98,79,77,79,104,129,,-32.3,-38.8,naderab01
364,Larry Nance Jr.,C,25,TOT,66,1421,,.581,.594,.167,.584,.664,.605,.332,.029,,126,116,46,112,87,109,132,9,,51.5,46.6,nancela02
365,Shabazz Napier,PG,26,POR,74,1535,,.420,.450,.376,.497,.841,.544,.260,.411,,91,88,104,95,110,98,103,122,,-25.5,-14.2,napiesh01
366,Jameer Nelson,PG,35,TOT,50,1013,,.389,.450,.331,.473,.800,.489,.082,.508,,85,88,91,91,104,88,33,151,,-23.3,-34.2,nelsoja01
367,Raul Neto,PG,25,UTA,41,498,,.457,.481,.404,.520,.743,.550,.232,.311,,99,94,112,100,97,99,92,92,,-0.4,-2.1,netora01
368,Georges Niang,PF,24,UTA,9,32,,.364,.571,.000,.364,.500,.379,.182,.364,,79,112,,70,65,68,72,108,,-3.5,-4.2,niangge01
369,Joakim Noah,C,32,NYK,7,40,,.500,.500,,.500,.500,.510,.400,.000,,109,98,,96,65,92,159,,,-0.4,-1.1,noahjo01
370,Nerlens Noel,C,23,DAL,30,472,,.524,.529,.000,.524,.750,.558,.267,.010,,114,104,,101,98,100,106,3,,.6,.5,noelne01
371,Lucas Nogueira,C,25,TOR,49,418,,.613,.721,.263,.644,.679,.661,.350,.237,,133,141,73,124,88,119,139,70,,19.6,19.3,noguelu01
372,Dirk Nowitzki,C,39,DAL,77,1900,,.456,.494,.409,.547,.898,.575,.142,.445,,99,97,113,105,117,103,57,132,,39.9,31.0,nowitdi01
373,Frank Ntilikina,PG,19,NYK,78,1706,,.364,.385,.318,.414,.721,.437,.136,.314,,79,75,88,79,94,79,54,93,,-107.2,-126.4,ntilila01
374,Jusuf Nurkić,C,23,POR,79,2088,,.505,.508,.000,.505,.630,.528,.287,.007,,110,100,,97,82,95,114,2,,-31.3,-59.4,nurkiju01
375,David Nwaba,SG,25,CHI,70,1646,,.478,.496,.346,.499,.655,.542,.480,.123,,104,97,96,96,85,97,191,36,,-18.9,-14.8,nwabada01
376,Johnny O'Bryant,PF,24,CHO,36,379,,.398,.422,.326,.439,.840,.470,.146,.251,,86,83,90,84,110,84,58,75,,-28.2,-31.4,obryajo01
377,Semi Ojeleye,PF,23,BOS,73,1150,,.346,.397,.320,.452,.610,.473,.218,.665,,75,78,88,87,79,85,87,197,,-26.0,-34.2,ojelese01
378,Emeka Okafor,C,35,NOP,26,353,,.505,.505,,.505,.818,.545,.232,.000,,110,99,,97,107,98,92,,,-3.0,-2.4,okafoem01
379,Jahlil Okafor,C,22,TOT,28,353,,.558,.567,.250,.562,.724,.584,.210,.029,,121,111,69,108,94,105,83,9,,11.2,8.3,okafoja01
380,Victor Oladipo,SG,25,IND,75,2552,,.477,.528,.371,.537,.799,.577,.274,.323,,104,103,103,103,104,104,109,96,,42.2,62.2,oladivi01
381,Kelly Olynyk,PF,26,MIA,76,1779,,.497,.590,.379,.580,.770,.612,.274,.440,,108,116,105,111,100,110,109,131,,75.1,79.4,olynyke01
382,Royce O'Neale,SF,24,UTA,69,1150,,.423,.470,.356,.496,.803,.540,.268,.415,,92,92,98,95,105,97,106,123,,-14.0,-10.1,onealro01
383,Chinanu Onuaku,C,21,HOU,1,22,,.400,.400,,.400,,.400,.000,.000,,87,78,,77,,72,,,,-1.2,-1.6,onuakch01
384,Kyle O'Quinn,C,27,NYK,77,1387,,.583,.599,.235,.589,.772,.625,.331,.044,,127,117,65,113,101,112,131,13,,51.7,60.7,oquinky01
385,Cedi Osman,SF,22,CLE,61,672,,.484,.586,.368,.570,.565,.577,.247,.468,,105,115,102,109,74,104,98,139,,18.1,8.6,osmande01
386,Kelly Oubre Jr.,SF,22,WAS,81,2231,,.403,.456,.341,.482,.820,.534,.295,.467,,87,89,94,93,107,96,117,139,,-61.5,-39.7,oubreke01
387,Zaza Pachulia,C,33,GSW,69,972,,.564,.567,.000,.564,.806,.612,.352,.004,,123,111,,108,105,110,140,1,,22.8,33.8,pachuza01
388,Marcus Paige,PG,24,CHO,5,28,,.286,.333,.250,.357,1.000,.403,.143,.571,,62,65,69,69,130,73,57,170,,-4.6,-4.6,paigema01
389,Georgios Papagiannis,C,20,TOT,17,122,,.429,.429,,.429,,.429,.000,.000,,93,84,,82,,77,,,,-7.8,-10.7,papagge01
390,Jabari Parker,PF,22,MIL,31,743,,.482,.514,.383,.529,.741,.550,.163,.244,,105,101,106,101,97,99,65,72,,4.9,-4.7,parkeja01
391,Tony Parker,PG,35,SAS,55,1071,,.459,.479,.270,.472,.705,.498,.201,.095,,100,94,75,90,92,90,80,28,,-38.4,-48.7,parketo01
392,Chandler Parsons,SF,29,MEM,36,691,,.462,.504,.421,.571,.630,.578,.115,.517,,100,99,117,109,82,104,46,153,,23.1,10.5,parsoch01
393,Patrick Patterson,PF,28,OKC,82,1270,,.398,.421,.386,.523,.870,.555,.173,.643,,87,83,107,100,113,100,69,191,,.7,-0.4,pattepa01
394,Justin Patton,C,20,MIN,1,4,,.500,.500,,.500,,.500,.000,.000,,109,98,,96,,90,,,,-0.1,-0.2,pattoju01
395,Brandon Paul,SG,26,SAS,64,576,,.433,.548,.278,.492,.512,.504,.339,.425,,94,107,77,94,67,91,134,126,,-7.4,-15.3,paulbr01
396,Chris Paul,PG,32,HOU,58,1847,,.460,.532,.380,.550,.919,.604,.277,.475,,100,104,105,106,120,109,110,141,,46.2,85.2,paulch01
397,Adreian Payne,PF,26,ORL,5,43,,.700,.714,.667,.800,.833,.831,.600,.300,,152,140,184,153,109,149,238,89,,5.6,6.9,paynead01
398,Cameron Payne,PG,23,CHI,25,582,,.405,.419,.385,.486,.750,.498,.074,.423,,88,82,106,93,98,89,30,126,,-15.1,-26.0,payneca01
399,Elfrid Payton,PG,23,TOT,63,1808,,.493,.520,.326,.516,.649,.538,.252,.138,,107,102,90,99,85,97,100,41,,-7.3,-27.1,paytoel01
400,Gary Payton II,PG,25,TOT,23,221,,.405,.490,.240,.446,.333,.443,.122,.338,,88,96,66,86,43,80,48,100,,-11.1,-17.7,paytoga02
401,Kendrick Perkins,C,33,CLE,1,15,,.500,.500,,.500,.500,.521,1.000,.000,,109,98,,96,65,94,397,,,-0.1,-0.2,perkike01
402,London Perrantes,PG,23,CLE,14,66,,.154,.200,.000,.154,.600,.230,.385,.231,,33,39,,30,78,41,153,68,,-9.6,-9.9,perralo01
403,Alec Peters,PF,22,PHO,20,225,,.378,.625,.310,.500,.800,.523,.135,.784,,82,122,86,96,104,94,54,233,,-3.1,-5.2,peteral01
404,Mason Plumlee,C,27,DEN,74,1439,,.601,.602,.000,.601,.458,.586,.486,.003,,130,118,,115,60,105,193,1,,58.4,27.1,plumlma01
405,Marshall Plumlee,C,25,MIL,8,52,,.333,.333,,.333,.750,.697,5.333,.000,,72,65,,64,98,125,2117,,,-1.1,2.8,plumlma02
406,Miles Plumlee,C,29,ATL,55,918,,.583,.583,,.583,.450,.574,.333,.000,,127,114,,112,59,103,132,,,22.4,7.4,plumlmi01
407,Jakob Poeltl,C,22,TOR,82,1524,,.659,.660,.500,.660,.594,.662,.263,.005,,143,129,138,127,77,119,104,2,,106.7,90.4,poeltja01
408,Quincy Pondexter,SF,29,CHI,23,196,,.286,.407,.136,.316,.824,.398,.347,.449,,62,80,38,61,107,72,138,133,,-20.1,-17.8,pondequ01
409,Otto Porter Jr.,SF,24,WAS,77,2432,,.503,.537,.441,.581,.828,.602,.145,.354,,109,105,122,111,108,108,57,105,,105.5,87.0,porteot01
410,Bobby Portis,PF,22,CHI,73,1643,,.471,.514,.359,.520,.769,.548,.192,.275,,102,101,99,100,100,99,76,82,,-1.4,-14.4,portibo01
411,Kristaps Porziņģis,PF,22,NYK,48,1553,,.439,.454,.395,.489,.793,.539,.309,.256,,95,89,109,94,103,97,123,76,,-56.7,-35.4,porzikr01
412,Dwight Powell,C,26,DAL,79,1672,,.593,.656,.333,.626,.719,.656,.430,.195,,129,129,92,120,94,118,171,58,,89.8,102.2,poweldw01
413,Norman Powell,SG,24,TOR,70,1062,,.401,.516,.285,.472,.821,.492,.104,.497,,87,101,79,91,107,88,41,148,,-36.8,-50.1,powelno01
414,Alex Poythress,PF,24,IND,25,104,,.423,.467,.364,.500,,.500,.000,.423,,92,91,101,96,,90,,126,,-1.1,-2.9,poythal01
415,Taurean Prince,SF,23,ATL,82,2464,,.426,.461,.385,.516,.844,.549,.185,.469,,92,90,106,99,110,99,73,139,,-10.3,-14.6,princta02
416,Jacob Pullen,PG,28,PHI,3,6,,.500,1.000,.000,.500,,.500,.000,.500,,109,196,,96,,90,,148,,-0.1,-0.2,pulleja01
417,Rodney Purvis,SG,23,ORL,16,290,,.327,.400,.250,.388,.867,.423,.140,.486,,71,78,69,74,113,76,56,144,,-28.5,-30.4,purviro01
418,Zhou Qi,C,22,HOU,18,124,,.188,.308,.105,.219,.667,.295,.375,.594,,41,60,29,42,87,53,149,176,,-19.4,-19.5,qizh01
419,Tim Quarterman,SG,23,HOU,3,13,,.333,1.000,.000,.333,1.000,.515,.667,.667,,72,196,,64,130,93,265,198,,-1.1,-0.3,quartti01
420,Ivan Rabb,PF,20,MEM,36,516,,.566,.566,,.566,.806,.599,.237,.000,,123,111,,109,105,108,94,,,13.6,14.3,rabbiv01
421,Julius Randle,C,23,LAL,82,2190,,.558,.575,.222,.563,.718,.606,.470,.050,,121,113,61,108,94,109,187,15,,75.7,109.5,randlju01
422,Zach Randolph,PF,36,SAC,59,1508,,.473,.503,.347,.507,.785,.529,.140,.193,,103,99,96,97,102,95,56,57,,-22.3,-44.0,randoza01
423,Xavier Rathan-Mayes,SG,23,MEM,5,118,,.286,.393,.071,.298,.444,.315,.214,.333,,62,77,20,57,58,57,85,99,,-18.8,-22.1,rathaxa01
424,JJ Redick,SG,33,PHI,70,2116,,.460,.504,.420,.569,.904,.614,.248,.523,,100,99,116,109,118,110,98,155,,84.8,113.6,redicjj01
425,Davon Reed,SG,22,PHO,21,242,,.289,.289,.289,.362,.667,.388,.158,.500,,63,57,80,69,87,70,63,148,,-24.2,-27.4,reedda01
426,Willie Reed,C,27,TOT,42,428,,.669,.672,.500,.674,.582,.671,.455,.017,,145,132,138,129,76,121,180,5,,36.9,33.5,reedwi02
427,Josh Richardson,SF,24,MIA,81,2689,,.451,.495,.378,.523,.845,.551,.160,.380,,98,97,104,100,110,99,64,113,,2.5,-8.9,richajo01
428,Malachi Richardson,SG,22,TOT,26,324,,.333,.360,.300,.400,.773,.446,.244,.444,,72,71,83,77,101,80,97,132,,-21.8,-21.9,richama01
429,Austin Rivers,SG,25,LAC,61,2057,,.424,.461,.378,.508,.642,.526,.198,.447,,92,90,104,97,84,95,78,133,,-21.1,-53.2,riverau01
430,Andre Roberson,SG,26,OKC,39,1037,,.537,.627,.222,.562,.316,.543,.235,.222,,117,123,61,108,41,98,93,66,,13.1,-4.8,roberan03
431,Devin Robinson,SF,22,WAS,1,13,,.333,.333,,.333,,.333,.000,.000,,72,65,,64,,60,,,,-1.1,-1.3,robinde01
432,Glenn Robinson III,SF,24,IND,23,338,,.424,.431,.412,.506,.818,.529,.129,.400,,92,85,114,97,107,95,51,119,,-2.6,-4.9,robingl02
433,Rajon Rondo,PG,31,NOP,65,1705,,.468,.526,.333,.518,.543,.522,.093,.304,,102,103,92,99,71,94,37,90,,-2.9,-35.0,rondora01
434,Derrick Rose,PG,29,TOT,25,420,,.435,.474,.233,.454,.870,.507,.247,.161,,95,93,65,87,113,91,98,48,,-24.9,-20.4,rosede01
435,Terrence Ross,SG,26,ORL,24,600,,.398,.469,.323,.476,.750,.505,.188,.487,,86,92,89,91,98,91,75,144,,-17.1,-21.1,rosste01
436,Terry Rozier,PG,23,BOS,80,2068,,.395,.410,.381,.491,.772,.520,.186,.502,,86,80,105,94,101,93,74,149,,-48.9,-62.8,roziete01
437,Ricky Rubio,PG,27,UTA,77,2254,,.418,.451,.352,.476,.866,.537,.307,.330,,91,88,97,91,113,97,122,98,,-74.0,-36.2,rubiori01
438,D'Angelo Russell,PG,21,BRK,48,1234,,.414,.477,.324,.481,.740,.509,.195,.414,,90,94,89,92,97,92,77,123,,-54.5,-68.6,russeda01
439,Domantas Sabonis,C,21,IND,74,1810,,.514,.524,.351,.524,.750,.567,.339,.056,,112,103,97,101,98,102,135,17,,4.0,16.1,sabondo01
440,JaKarr Sampson,SF,24,SAC,22,344,,.543,.549,.500,.574,.625,.585,.198,.123,,118,108,138,110,81,105,78,37,,8.6,5.1,sampsja02
441,Dario Šarić,PF,23,PHI,78,2310,,.453,.501,.393,.541,.860,.582,.233,.448,,98,98,109,104,112,105,92,133,,35.3,49.8,saricda01
442,Tomáš Satoranský,SG,26,WAS,73,1643,,.523,.544,.465,.585,.781,.615,.250,.263,,114,107,129,112,102,111,99,78,,48.7,49.9,satorto01
443,Dennis Schröder,PG,24,ATL,67,2078,,.436,.480,.290,.469,.849,.515,.231,.229,,95,94,80,90,111,93,92,68,,-118.5,-103.4,schrode01
444,Mike Scott,PF,29,WAS,76,1406,,.527,.582,.405,.590,.658,.599,.145,.311,,114,114,112,113,86,108,58,92,,71.8,48.0,scottmi01
445,Thabo Sefolosha,SF,33,UTA,38,806,,.492,.551,.381,.558,.815,.591,.225,.350,,107,108,105,107,106,106,89,104,,17.8,18.6,sefolth01
446,Wayne Selden,SG,23,MEM,35,692,,.431,.456,.402,.522,.746,.551,.219,.454,,94,89,111,100,97,99,87,135,,.6,-3.1,seldewa01
447,Ramon Sessions,PG,31,TOT,28,392,,.359,.374,.308,.393,.772,.479,.487,.222,,78,73,85,75,101,86,193,66,,-30.0,-22.0,sessira01
448,Iman Shumpert,SG,27,CLE,14,276,,.379,.469,.269,.440,.733,.480,.259,.448,,82,92,74,84,96,86,103,133,,-9.5,-9.9,shumpim01
449,Pascal Siakam,PF,23,TOR,81,1679,,.508,.612,.220,.537,.621,.549,.175,.265,,110,120,61,103,81,99,69,79,,15.9,-7.5,siakapa01
450,Xavier Silas,SG,30,BOS,2,7,,.000,.000,.000,.000,,.000,.000,.667,,,,,,,,,198,,-3.1,-3.3,silasxa01
451,Ben Simmons,PG,21,PHI,81,2732,,.545,.551,.000,.545,.560,.557,.342,.011,,118,108,,105,73,100,136,3,,47.7,2.0,simmobe01
452,Jonathon Simmons,SG,28,ORL,69,2029,,.465,.512,.338,.511,.768,.555,.317,.268,,101,100,94,98,100,100,126,80,,-16.2,-2.4,simmojo02
453,Kobi Simmons,PG,20,MEM,32,643,,.423,.460,.282,.452,1.000,.490,.132,.206,,92,90,78,87,130,88,53,61,,-26.0,-26.5,simmoko01
454,Kyle Singler,SF,29,OKC,12,59,,.333,.312,.400,.381,.538,.430,.619,.238,,72,61,111,73,70,77,246,71,,-5.9,-6.7,singlky01
455,Marcus Smart,SG,23,BOS,54,1614,,.367,.429,.301,.440,.729,.479,.258,.483,,80,84,83,84,95,86,103,143,,-83.8,-87.9,smartma01
456,Dennis Smith Jr.,PG,20,DAL,69,2049,,.395,.435,.313,.446,.694,.473,.188,.331,,86,85,86,86,91,85,75,98,,-153.4,-185.4,smithde03
457,Ish Smith,PG,29,DET,82,2043,,.486,.506,.347,.507,.698,.525,.145,.126,,106,99,96,97,91,94,57,37,,-21.9,-53.7,smithis01
458,Jason Smith,C,31,WAS,33,285,,.391,.494,.125,.409,.905,.455,.183,.278,,85,97,35,78,118,82,72,83,,-25.9,-25.2,smithja02
459,Josh Smith,PF,32,NOP,3,12,,.250,.250,,.250,,.250,.000,.000,,54,49,,48,,45,,,,-2.2,-2.4,smithjo03
460,J.R. Smith,SG,32,CLE,80,2244,,.403,.453,.375,.524,.696,.534,.094,.640,,88,89,104,100,91,96,37,190,,2.8,-27.2,smithjr01
461,Tony Snell,SG,26,MIL,75,2053,,.435,.490,.403,.562,.792,.578,.113,.631,,95,96,111,108,103,104,45,187,,35.0,19.8,snellto01
462,Marreese Speights,C,30,ORL,52,675,,.395,.448,.369,.519,.727,.539,.158,.668,,86,88,102,100,95,97,63,198,,-1.8,-13.1,speigma01
463,Nik Stauskas,SG,24,TOT,41,523,,.390,.370,.400,.519,.724,.543,.188,.649,,85,73,111,100,94,98,75,193,,-0.5,-4.5,stausni01
464,Lance Stephenson,SG,27,IND,82,1850,,.427,.495,.289,.475,.661,.495,.179,.327,,93,97,80,91,86,89,71,97,,-66.0,-93.8,stephla01
465,David Stockton,PG,26,UTA,3,9,,.667,,.667,1.000,1.000,1.050,1.333,1.000,,145,,184,192,130,189,529,297,,2.9,4.7,stockda01
466,Julyan Stone,SG,29,CHO,23,175,,.462,,.462,.692,.500,.684,.154,1.000,,100,,128,133,65,123,61,297,,4.4,3.6,stoneju01
467,Edmond Sumner,PG,22,IND,1,2,,1.000,1.000,,1.000,,1.000,.000,.000,,217,196,,192,,180,,,,1.0,.9,sumneed01
468,Caleb Swanigan,PF,20,POR,27,189,,.400,.442,.125,.408,.667,.449,.300,.133,,87,87,35,78,87,81,119,40,,-13.5,-14.5,swanica01
469,Jayson Tatum,SF,19,BOS,80,2443,,.475,.492,.434,.538,.826,.586,.309,.290,,103,96,120,103,108,105,123,86,,28.6,57.0,tatumja01
470,Isaiah Taylor,PG,23,ATL,67,1167,,.418,.461,.250,.444,.702,.492,.362,.205,,91,90,69,85,92,89,144,61,,-60.5,-57.8,taylois01
471,Jeff Teague,PG,29,MIN,70,2311,,.446,.477,.368,.499,.845,.553,.301,.287,,97,93,102,96,110,99,120,85,,-35.6,-6.1,teaguje01
472,Marquis Teague,PG,24,MEM,3,74,,.250,.250,.250,.281,.400,.302,.312,.250,,54,49,69,54,52,54,124,74,,-7.7,-9.2,teaguma01
473,Mirza Teletović,PF,32,MIL,10,159,,.439,.333,.467,.623,,.623,.000,.789,,95,65,129,119,,112,,234,,11.6,7.6,teletmi01
474,Garrett Temple,SG,31,SAC,65,1615,,.418,.442,.392,.512,.769,.536,.164,.477,,91,87,108,98,100,96,65,142,,-9.2,-20.6,templga01
475,Miloš Teodosić,PG,30,LAC,45,1134,,.419,.492,.379,.542,.848,.564,.128,.644,,91,96,105,104,111,101,51,191,,14.8,6.1,teodomi01
476,Jason Terry,SG,40,MIL,51,814,,.383,.487,.348,.513,.889,.525,.058,.747,,83,95,96,98,116,94,23,222,,-2.5,-9.7,terryja01
477,Daniel Theis,C,25,BOS,63,936,,.541,.617,.310,.579,.753,.616,.348,.249,,118,121,86,111,98,111,138,74,,27.1,32.2,theisda01
478,Isaiah Thomas,PG,28,TOT,32,862,,.373,.438,.293,.438,.893,.508,.311,.447,,81,86,81,84,116,91,124,133,,-69.8,-46.4,thomais02
479,Lance Thomas,PF,29,NYK,73,1353,,.382,.364,.403,.476,.830,.513,.199,.464,,83,71,111,91,108,92,79,138,,-24.3,-24.9,thomala01
480,Klay Thompson,SG,27,GSW,73,2506,,.488,.526,.440,.585,.837,.598,.083,.442,,106,103,122,112,109,107,33,131,,150.1,101.6,thompkl01
481,Tristan Thompson,C,26,CLE,53,1072,,.562,.562,,.562,.544,.569,.336,.000,,122,110,,108,71,102,133,,,19.0,6.9,thomptr01
482,Sindarius Thornwell,SG,23,LAC,73,1156,,.429,.448,.377,.479,.670,.519,.378,.262,,93,88,104,92,87,93,150,78,,-19.9,-20.2,thornsi01
483,Anthony Tolliver,PF,32,DET,79,1757,,.464,.561,.436,.632,.797,.663,.282,.773,,101,110,120,121,104,119,112,229,,105.0,112.9,tollian01
484,Karl-Anthony Towns,C,22,MIN,82,2918,,.545,.585,.421,.596,.858,.646,.343,.243,,118,115,116,114,112,116,136,72,,176.4,242.7,townska01
485,P.J. Tucker,PF,32,HOU,82,2281,,.390,.435,.371,.520,.717,.537,.136,.703,,85,85,103,100,93,97,54,209,,-0.7,-17.9,tuckepj01
486,Evan Turner,SF,29,POR,79,2034,,.447,.485,.318,.484,.850,.520,.185,.229,,97,95,88,93,111,93,74,68,,-43.4,-45.2,turneev01
487,Myles Turner,C,21,IND,65,1836,,.479,.519,.357,.523,.777,.567,.322,.246,,104,102,99,100,101,102,128,73,,1.9,16.4,turnemy01
488,Ekpe Udoh,C,30,UTA,63,810,,.500,.504,.000,.500,.750,.560,.467,.008,,109,99,,96,98,101,185,2,,-5.1,1.1,udohek01
489,Tyler Ulis,PG,22,PHO,71,1658,,.388,.425,.288,.426,.832,.465,.183,.265,,84,83,80,82,108,84,73,79,,-104.3,-108.3,ulisty01
490,Jonas Valančiūnas,C,25,TOR,77,1727,,.568,.587,.405,.590,.806,.628,.307,.108,,123,115,112,113,105,113,122,32,,93.9,112.6,valanjo01
491,Denzel Valentine,SG,24,CHI,77,2095,,.417,.450,.386,.517,.745,.527,.071,.513,,91,88,107,99,97,95,28,152,,-6.5,-43.9,valende01
492,Fred VanVleet,PG,23,TOR,76,1520,,.426,.437,.414,.525,.832,.556,.185,.479,,92,86,114,101,108,100,74,142,,3.9,.4,vanvlfr01
493,Rashad Vaughn,SG,21,TOT,28,212,,.411,.474,.378,.536,.667,.546,.107,.661,,89,93,105,103,87,98,43,196,,1.6,-1.2,vaughra01
494,Noah Vonleh,PF,22,TOT,54,875,,.444,.500,.303,.487,.621,.509,.248,.282,,97,98,84,93,81,91,98,84,,-15.9,-24.7,vonleno01
495,Nikola Vučević,C,27,ORL,57,1683,,.475,.527,.314,.513,.819,.533,.112,.243,,103,103,87,98,107,96,44,72,,-13.6,-41.3,vucevni01
496,Dwyane Wade,SG,36,TOT,67,1536,,.438,.468,.288,.462,.714,.500,.277,.163,,95,92,80,89,93,90,110,48,,-80.9,-86.1,wadedw01
497,Dion Waiters,SG,26,MIA,30,918,,.398,.463,.306,.461,.739,.487,.168,.415,,86,91,85,88,96,88,67,123,,-49.4,-60.8,waitedi01
498,Kemba Walker,PG,27,CHO,80,2736,,.431,.469,.384,.516,.864,.572,.308,.441,,94,92,106,99,113,103,122,131,,-13.7,48.4,walkeke02
499,Tyrone Wallace,PG,23,LAC,30,851,,.445,.483,.250,.466,.782,.517,.316,.162,,97,95,69,89,102,93,125,48,,-27.5,-21.9,wallaty01
500,John Wall,PG,27,WAS,41,1410,,.420,.436,.371,.466,.726,.515,.361,.250,,91,85,103,89,95,93,143,74,,-73.3,-62.8,walljo01
501,Derrick Walton,PG,22,MIA,16,147,,.320,.125,.412,.460,1.000,.525,.240,.680,,70,24,114,88,130,94,95,202,,-3.1,-1.7,waltode01
502,Jameel Warney,PF,24,DAL,3,27,,.583,.583,,.583,.600,.599,.417,.000,,127,114,,112,78,108,165,,,1.5,1.2,warneja01
503,T.J. Warren,SF,24,PHO,65,2142,,.498,.523,.222,.507,.757,.541,.240,.085,,108,103,61,97,99,97,95,25,,-30.0,-36.2,warretj01
504,Travis Wear,SF,27,LAL,17,228,,.347,.320,.362,.465,1.000,.497,.111,.653,,75,63,100,89,130,89,44,194,,-8.0,-9.0,weartr01
505,James Webb III,SF,24,BRK,10,120,,.250,.400,.211,.333,,.333,.000,.792,,54,78,58,64,,60,,235,,-9.0,-10.7,webbja01
506,Briante Weber,PG,25,TOT,18,237,,.442,.469,.364,.488,.800,.527,.233,.256,,96,92,101,94,104,95,92,76,,-2.8,-2.7,weberbr01
507,Russell Westbrook,PG,29,OKC,80,2914,,.449,.485,.298,.477,.737,.524,.336,.193,,98,95,82,92,96,94,133,57,,-147.5,-125.4,westbru01
508,David West,C,37,GSW,73,999,,.571,.576,.375,.575,.759,.600,.209,.021,,124,113,104,110,99,108,83,6,,41.0,35.9,westda01
509,Andrew White,SF,24,ATL,15,209,,.342,.292,.367,.466,.250,.461,.055,.671,,74,57,102,89,33,83,22,199,,-8.1,-14.2,whitean01
510,Derrick White,PG,23,SAS,17,139,,.485,.400,.615,.606,.700,.646,.606,.394,,105,78,170,116,91,116,241,117,,5.6,7.5,whitede01
511,Hassan Whiteside,C,28,MIA,54,1364,,.540,.538,1.000,.542,.703,.573,.315,.003,,117,105,276,104,92,103,125,1,,23.5,22.0,whiteha01
512,Isaiah Whitehead,PG,22,BRK,16,180,,.465,.485,.389,.506,.684,.530,.221,.209,,101,95,108,97,89,95,88,62,,-2.6,-5.0,whiteis01
513,Okaro White,PF,25,MIA,6,80,,.438,.600,.364,.562,.667,.577,.188,.688,,95,118,101,108,87,104,74,204,,1.3,.7,whiteok01
514,Andrew Wiggins,SF,22,MIN,82,2979,,.438,.475,.331,.481,.643,.505,.242,.260,,95,93,92,92,84,91,96,77,,-105.1,-147.7,wiggian01
515,Jacob Wiley,PF,23,BRK,5,33,,.250,.000,.500,.375,.500,.410,.500,.500,,54,,138,72,65,74,199,148,,-1.2,-1.4,wileyja01
516,Damien Wilkins,SF,38,IND,19,152,,.333,.429,.222,.385,.750,.405,.103,.462,,72,84,61,74,98,73,41,137,,-10.7,-12.3,wilkida02
517,Alan Williams,PF,25,PHO,5,70,,.389,.389,,.389,.667,.455,.500,.000,,84,76,,75,87,82,199,,,-4.8,-4.4,willial03
518,C.J. Williams,SG,27,LAC,38,707,,.442,.546,.282,.497,.812,.512,.081,.396,,96,107,78,95,106,92,32,117,,-9.3,-18.0,willicj01
519,Derrick Williams,PF,26,LAL,2,9,,.250,.500,.000,.250,,.250,.000,.500,,54,98,,48,,45,,148,,-2.2,-2.4,willide02
520,Lou Williams,SG,31,LAC,79,2589,,.435,.484,.359,.505,.880,.574,.367,.387,,95,95,99,97,115,103,146,115,,-43.6,54.6,willilo02
521,Marvin Williams,PF,31,CHO,78,2006,,.458,.512,.413,.570,.829,.603,.218,.542,,100,100,114,109,108,108,87,161,,55.2,57.6,willima02
522,Matt Williams,SG,24,MIA,3,11,,.333,1.000,.200,.417,,.417,.000,.833,,72,196,55,80,,75,,247,,-1.3,-1.7,willima05
523,Troy Williams,SF,23,TOT,21,307,,.468,.563,.289,.518,.667,.544,.275,.349,,102,110,80,99,87,98,109,103,,-0.6,-2.9,willitr02
524,D.J. Wilson,PF,21,MIL,22,71,,.562,.636,.400,.625,.500,.622,.125,.312,,122,125,111,120,65,112,50,93,,3.3,2.2,wilsodj01
525,Jamil Wilson,SF,27,LAC,15,274,,.469,.611,.429,.636,.500,.634,.049,.778,,102,120,118,122,65,114,20,231,,18.6,12.9,wilsoja02
526,Justise Winslow,PF,21,MIA,68,1680,,.424,.440,.380,.474,.635,.496,.213,.264,,92,86,105,91,83,89,85,78,,-45.7,-64.7,winslju01
527,Jeff Withey,C,27,DAL,9,39,,.375,.667,.200,.438,.500,.444,.125,.625,,81,131,55,84,65,80,50,185,,-2.7,-3.8,witheje01
528,Nate Wolters,PG,26,UTA,5,19,,.167,.167,,.167,,.167,.000,.000,,36,33,,32,,30,,,,-4.3,-4.7,woltena01
529,Brandan Wright,PF,30,TOT,28,381,,.578,.578,,.578,.636,.596,.324,.000,,126,113,,111,83,107,128,,,11.7,9.4,wrighbr03
530,Delon Wright,PG,25,TOR,69,1433,,.465,.520,.366,.530,.829,.574,.271,.354,,101,102,101,102,108,103,108,105,,7.7,17.2,wrighde01
531,Guerschon Yabusele,PF,22,BOS,33,235,,.426,.583,.324,.525,.682,.559,.361,.607,,93,114,90,101,89,100,143,180,,.4,.4,yabusgu01
532,James Young,SG,22,PHI,6,61,,.357,.500,.300,.464,.667,.511,.429,.714,,78,98,83,89,87,92,170,212,,-1.6,-1.5,youngja01
533,Joe Young,PG,25,IND,53,558,,.430,.458,.379,.497,.759,.521,.156,.355,,93,90,105,95,99,94,62,105,,-8.9,-14.1,youngjo01
534,Nick Young,SG,32,GSW,80,1393,,.412,.481,.377,.538,.862,.562,.133,.668,,89,94,104,103,112,101,53,198,,16.3,6.4,youngni01
535,Thaddeus Young,PF,29,IND,81,2607,,.487,.531,.320,.521,.598,.528,.106,.209,,106,104,89,100,78,95,42,62,,-0.6,-51.0,youngth01
536,Cody Zeller,C,25,CHO,33,627,,.545,.542,.667,.551,.718,.602,.545,.019,,118,106,184,106,94,108,216,6,,9.4,17.9,zelleco01
537,Tyler Zeller,C,28,TOT,66,1109,,.560,.578,.357,.575,.722,.598,.237,.084,,122,113,99,110,94,108,94,25,,35.9,30.8,zellety01
538,Paul Zipser,SF,23,CHI,54,824,,.346,.355,.336,.425,.760,.445,.107,.470,,75,70,93,82,99,80,42,140,,-44.9,-54.5,zipsepa01
539,Ante Žižić,C,21,CLE,32,214,,.731,.731,,.731,.724,.746,.433,.000,,159,143,,140,94,134,172,,,28.2,30.3,zizican01
540,Ivica Zubac,C,20,LAL,43,410,,.500,.504,.000,.500,.765,.557,.418,.008,,109,99,,96,100,100,166,2,,-5.2,.3,zubaciv01 